460,Bata,Kothrud,3,low,10% off,,
465,Bata,Kothrud,3,mid,0.15,,
469,Bata,Kothrud,3,high,Buy One and Get One free,,
463,Bata,Nigdi,3,low,10% off,,
466,Bata,Nigdi,3,mid,0.15,,
470,Bata,Nigdi,3,high,Buy One and Get One free,,
17,Bata,Pimpri,3,high,Buy One Get One,18.6198,73.7897
69,Bata,Pimpri,8,mid,Buy One Get One for birthday  people,18.6198,73.7897
461,Bata,Pimpri,3,low,10% off,18.6198,73.7897
459,Bata,Shivajinagar,3,low,10% off,,
464,Bata,Shivajinagar,3,mid,0.15,,
468,Bata,Shivajinagar,3,high,Buy One and Get One free,,
462,Bata,Wakad,3,low,10% off,,
467,Bata,Wakad,3,mid,0.15,,
471,Bata,Wakad,3,high,Buy One and Get One free,,
33,BigBazar,Kothrud,1,high,20% Off,18.5174,73.8177
34,BigBazar,Kothrud,2,low,Buy one & get 50% off on Second,18.5174,73.8177
35,BigBazar,Kothrud,3,high,Buy One Get One,18.5174,73.8177
36,BigBazar,Kothrud,4,high,Buy one & get 40% off on Second,18.5174,73.8177
37,BigBazar,Kothrud,5,low,20% off,18.5174,73.8177
38,BigBazar,Kothrud,6,mid,5% off,18.5174,73.8177
39,BigBazar,Kothrud,7,mid,upto 25% off,18.5174,73.8177
72,BigBazar,Kothrud,8,low,upto 25% off for birthday  people,18.5174,73.8177
327,BigBazar,Kothrud,8,high,20% off,,
328,BigBazar,Kothrud,9,low,10% off,,
329,BigBazar,Kothrud,10,mid,FLAT 20% off on all purchases above Rs 1000,,
330,BigBazar,Kothrud,11,high,25% off,,
331,BigBazar,Kothrud,12,low,10% cachback,,
332,BigBazar,Kothrud,13,mid,5% off,,
333,BigBazar,Kothrud,14,low,5% off,,
334,BigBazar,Kothrud,15,high,10% off,,
335,BigBazar,Kothrud,16,low,8% off,,
336,BigBazar,Kothrud,17,mid,10% cachback on payment above 2000,,
337,BigBazar,Kothrud,18,high,10% off,,
338,BigBazar,Kothrud,19,high,Buy 2 Get One Free,,
339,BigBazar,Kothrud,20,high,Rs 100 off,,
340,BigBazar,Kothrud,21,low,Buy One Get One Free,,
341,BigBazar,Kothrud,22,mid,5% off,,
342,BigBazar,Kothrud,23,high,5% off,,
343,BigBazar,Kothrud,24,low,12% off,,
344,BigBazar,Kothrud,25,mid,12% off,,
370,BigBazar,Nigdi,1,mid,25% off,,
371,BigBazar,Nigdi,2,high,Flat 500 off on 2000 shopping,,
372,BigBazar,Nigdi,3,low,35% off,,
373,BigBazar,Nigdi,4,mid,Flat 200 off on 1000 shopping,,
374,BigBazar,Nigdi,5,mid,Flat 1000 off,,
375,BigBazar,Nigdi,6,low,Flat 100 off on 1000 shopping,,
376,BigBazar,Nigdi,7,high,Flat 1000 off,,
377,BigBazar,Nigdi,8,high,20% off,,
378,BigBazar,Nigdi,9,low,10% off,,
379,BigBazar,Nigdi,10,mid,FLAT 20% off on all purchases above Rs 1000,,
380,BigBazar,Nigdi,11,high,25% off,,
381,BigBazar,Nigdi,12,low,10% cachback,,
382,BigBazar,Nigdi,13,mid,5% off,,
383,BigBazar,Nigdi,14,low,5% off,,
384,BigBazar,Nigdi,15,high,10% off,,
385,BigBazar,Nigdi,16,low,8% off,,
386,BigBazar,Nigdi,17,mid,10% cachback on payment above 2000,,
387,BigBazar,Nigdi,18,high,10% off,,
388,BigBazar,Nigdi,19,high,Buy 2 Get One Free,,
389,BigBazar,Nigdi,20,high,Rs 100 off,,
390,BigBazar,Nigdi,21,low,Buy One Get One Free,,
391,BigBazar,Nigdi,22,mid,5% off,,
392,BigBazar,Nigdi,23,high,5% off,,
393,BigBazar,Nigdi,24,low,12% off,,
394,BigBazar,Nigdi,25,mid,12% off,,
345,BigBazar,Pimpri,1,mid,25% off,,
346,BigBazar,Pimpri,2,high,Flat 500 off on 2000 shopping,,
347,BigBazar,Pimpri,3,low,35% off,,
348,BigBazar,Pimpri,4,mid,Flat 200 off on 1000 shopping,,
349,BigBazar,Pimpri,5,mid,Flat 1000 off,,
350,BigBazar,Pimpri,6,low,Flat 100 off on 1000 shopping,,
351,BigBazar,Pimpri,7,high,Flat 1000 off,,
352,BigBazar,Pimpri,8,high,20% off,,
353,BigBazar,Pimpri,9,low,10% off,,
354,BigBazar,Pimpri,10,mid,FLAT 20% off on all purchases above Rs 1000,,
355,BigBazar,Pimpri,11,high,25% off,,
356,BigBazar,Pimpri,12,low,10% cachback,,
357,BigBazar,Pimpri,13,mid,5% off,,
358,BigBazar,Pimpri,14,low,5% off,,
359,BigBazar,Pimpri,15,high,10% off,,
360,BigBazar,Pimpri,16,low,8% off,,
361,BigBazar,Pimpri,17,mid,10% cachback on payment above 2000,,
362,BigBazar,Pimpri,18,high,10% off,,
363,BigBazar,Pimpri,19,high,Buy 2 Get One Free,,
364,BigBazar,Pimpri,20,high,Rs 100 off,,
365,BigBazar,Pimpri,21,low,Buy One Get One Free,,
366,BigBazar,Pimpri,22,mid,5% off,,
367,BigBazar,Pimpri,23,high,5% off,,
368,BigBazar,Pimpri,24,low,12% off,,
369,BigBazar,Pimpri,25,mid,12% off,,
26,BigBazar,ShivajiNagar,1,mid,25% off,18.5208,73.8375
27,BigBazar,ShivajiNagar,2,high,Flat 500 off on 2000 shopping,18.5208,73.8375
28,BigBazar,ShivajiNagar,3,low,35% off,18.5208,73.8375
29,BigBazar,ShivajiNagar,4,mid,Flat 200 off on 1000 shopping,18.5208,73.8375
30,BigBazar,ShivajiNagar,5,mid,Flat 1000 off,18.5208,73.8375
31,BigBazar,ShivajiNagar,6,low,Flat 100 off on 1000 shopping,18.5208,73.8375
32,BigBazar,ShivajiNagar,7,high,Flat 1000 off,18.5208,73.8375
309,BigBazar,ShivajiNagar,8,high,20% off,,
310,BigBazar,ShivajiNagar,9,low,10% off,,
311,BigBazar,ShivajiNagar,10,mid,FLAT 20% off on all purchases above Rs 1000,,
312,BigBazar,ShivajiNagar,11,high,25% off,,
313,BigBazar,ShivajiNagar,12,low,10% cachback,,
314,BigBazar,ShivajiNagar,13,mid,5% off,,
315,BigBazar,ShivajiNagar,14,low,5% off,,
316,BigBazar,ShivajiNagar,15,high,10% off,,
317,BigBazar,ShivajiNagar,16,low,8% off,,
318,BigBazar,ShivajiNagar,17,mid,10% cachback on payment above 2000,,
319,BigBazar,ShivajiNagar,18,high,10% off,,
320,BigBazar,ShivajiNagar,19,high,Buy 2 Get One Free,,
321,BigBazar,ShivajiNagar,20,high,Rs 100 off,,
322,BigBazar,ShivajiNagar,21,low,Buy One Get One Free,,
323,BigBazar,ShivajiNagar,22,mid,5% off,,
324,BigBazar,ShivajiNagar,23,high,5% off,,
325,BigBazar,ShivajiNagar,24,low,12% off,,
326,BigBazar,ShivajiNagar,25,mid,12% off,,
395,BigBazar,Wakad,1,mid,25% off,,
396,BigBazar,Wakad,2,high,Flat 500 off on 2000 shopping,,
397,BigBazar,Wakad,3,low,35% off,,
398,BigBazar,Wakad,4,mid,Flat 200 off on 1000 shopping,,
399,BigBazar,Wakad,5,mid,Flat 1000 off,,
400,BigBazar,Wakad,6,low,Flat 100 off on 1000 shopping,,
401,BigBazar,Wakad,7,high,Flat 1000 off,,
402,BigBazar,Wakad,8,high,20% off,,
403,BigBazar,Wakad,9,low,10% off,,
404,BigBazar,Wakad,10,mid,FLAT 20% off on all purchases above Rs 1000,,
405,BigBazar,Wakad,11,high,25% off,,
406,BigBazar,Wakad,12,low,10% cachback,,
407,BigBazar,Wakad,13,mid,5% off,,
408,BigBazar,Wakad,14,low,5% off,,
409,BigBazar,Wakad,15,high,10% off,,
410,BigBazar,Wakad,16,low,8% off,,
411,BigBazar,Wakad,17,mid,10% cachback on payment above 2000,,
412,BigBazar,Wakad,18,high,10% off,,
413,BigBazar,Wakad,19,high,Buy 2 Get One Free,,
414,BigBazar,Wakad,20,high,Rs 100 off,,
415,BigBazar,Wakad,21,low,Buy One Get One Free,,
416,BigBazar,Wakad,22,mid,5% off,,
417,BigBazar,Wakad,23,high,5% off,,
418,BigBazar,Wakad,24,low,12% off,,
419,BigBazar,Wakad,25,mid,12% off,,
8,Central Mall,Kothrud,1,mid,free 8 voucher,18.5074,73.8077
9,Central Mall,Kothrud,2,mid,Buy One Get One,18.5074,73.8077
10,Central Mall,Kothrud,3,low,Buy one & get 50% off on Second,18.5074,73.8077
11,Central Mall,Kothrud,4,mid,25% off,18.5074,73.8077
12,Central Mall,Kothrud,5,high,12% off,18.5074,73.8077
13,Central Mall,Kothrud,6,mid,Buy One Get One,18.5074,73.8077
14,Central Mall,Kothrud,7,high,upto 40% off,18.5074,73.8077
191,Central Mall,Kothrud,8,high,20% off,,
192,Central Mall,Kothrud,9,low,10% off,,
193,Central Mall,Kothrud,10,mid,FLAT 20% off on all purchases above Rs 1000,,
194,Central Mall,Kothrud,11,high,25% off,,
195,Central Mall,Kothrud,12,low,10% cachback,,
196,Central Mall,Kothrud,13,mid,5% off,,
197,Central Mall,Kothrud,14,low,5% off,,
198,Central Mall,Kothrud,15,high,10% off,,
199,Central Mall,Kothrud,16,low,8% off,,
200,Central Mall,Kothrud,17,mid,10% cachback on payment above 2000,,
201,Central Mall,Kothrud,18,high,10% off,,
202,Central Mall,Kothrud,19,high,Buy 2 Get One Free,,
203,Central Mall,Kothrud,20,high,Rs 100 off,,
204,Central Mall,Kothrud,21,low,Buy One Get One Free,,
205,Central Mall,Kothrud,22,mid,5% off,,
206,Central Mall,Kothrud,23,high,5% off,,
207,Central Mall,Kothrud,24,low,12% off,,
208,Central Mall,Kothrud,25,mid,12% off,,
259,Central Mall,Nigdi,1,mid,Flat 1000 off on 5000 shopping,,
260,Central Mall,Nigdi,2,mid,15% off,,
261,Central Mall,Nigdi,3,mid,10% off,,
262,Central Mall,Nigdi,4,low,Flat 500 off on 2000 shopping,,
263,Central Mall,Nigdi,5,high,Flat 500 off on 2000 shopping,,
264,Central Mall,Nigdi,6,mid,5 % off,,
265,Central Mall,Nigdi,7,low,15% off,,
266,Central Mall,Nigdi,8,high,20% off,,
267,Central Mall,Nigdi,9,low,10% off,,
268,Central Mall,Nigdi,10,mid,FLAT 20% off on all purchases above Rs 1000,,
269,Central Mall,Nigdi,11,high,25% off,,
270,Central Mall,Nigdi,12,low,10% cachback,,
271,Central Mall,Nigdi,13,mid,5% off,,
272,Central Mall,Nigdi,14,low,5% off,,
273,Central Mall,Nigdi,15,high,10% off,,
274,Central Mall,Nigdi,16,low,8% off,,
275,Central Mall,Nigdi,17,mid,10% cachback on payment above 2000,,
276,Central Mall,Nigdi,18,high,10% off,,
277,Central Mall,Nigdi,19,high,Buy 2 Get One Free,,
278,Central Mall,Nigdi,20,high,Rs 100 off,,
279,Central Mall,Nigdi,21,low,Buy One Get One Free,,
280,Central Mall,Nigdi,22,mid,5% off,,
281,Central Mall,Nigdi,23,high,5% off,,
282,Central Mall,Nigdi,24,low,25% off,,
283,Central Mall,Nigdi,25,mid,12% off,,
234,Central Mall,Pimpri,1,mid,Flat 1000 off on 5000 shopping,,
235,Central Mall,Pimpri,2,mid,15% off,,
236,Central Mall,Pimpri,3,mid,10% off,,
237,Central Mall,Pimpri,4,low,Flat 500 off on 2000 shopping,,
238,Central Mall,Pimpri,5,high,Flat 500 off on 2000 shopping,,
239,Central Mall,Pimpri,6,mid,5 % off,,
240,Central Mall,Pimpri,7,low,15% off,,
241,Central Mall,Pimpri,8,high,20% off,,
242,Central Mall,Pimpri,9,low,10% off,,
243,Central Mall,Pimpri,10,mid,FLAT 20% off on all purchases above Rs 1000,,
244,Central Mall,Pimpri,11,high,25% off,,
245,Central Mall,Pimpri,12,low,10% cachback,,
246,Central Mall,Pimpri,13,mid,5% off,,
247,Central Mall,Pimpri,14,low,5% off,,
248,Central Mall,Pimpri,15,high,10% off,,
249,Central Mall,Pimpri,16,low,8% off,,
250,Central Mall,Pimpri,17,mid,10% cachback on payment above 2000,,
251,Central Mall,Pimpri,18,high,10% off,,
252,Central Mall,Pimpri,19,high,Buy 2 Get One Free,,
253,Central Mall,Pimpri,20,high,Rs 100 off,,
254,Central Mall,Pimpri,21,low,Buy One Get One Free,,
255,Central Mall,Pimpri,22,mid,5% off,,
256,Central Mall,Pimpri,23,high,5% off,,
257,Central Mall,Pimpri,24,low,25% off,,
258,Central Mall,Pimpri,25,mid,12% off,,
209,Central Mall,ShivajiNagar,1,mid,Flat 1000 off on 5000 shopping,,
210,Central Mall,ShivajiNagar,2,mid,15% off,,
211,Central Mall,ShivajiNagar,3,mid,10% off,,
212,Central Mall,ShivajiNagar,4,low,Flat 500 off on 2000 shopping,,
213,Central Mall,ShivajiNagar,5,high,Flat 500 off on 2000 shopping,,
214,Central Mall,ShivajiNagar,6,mid,5 % off,,
215,Central Mall,ShivajiNagar,7,low,15% off,,
216,Central Mall,ShivajiNagar,8,high,20% off,,
217,Central Mall,ShivajiNagar,9,low,10% off,,
218,Central Mall,ShivajiNagar,10,mid,FLAT 20% off on all purchases above Rs 1000,,
219,Central Mall,ShivajiNagar,11,high,25% off,,
220,Central Mall,ShivajiNagar,12,low,10% cachback,,
221,Central Mall,ShivajiNagar,13,mid,5% off,,
222,Central Mall,ShivajiNagar,14,low,5% off,,
223,Central Mall,ShivajiNagar,15,high,10% off,,
224,Central Mall,ShivajiNagar,16,low,8% off,,
225,Central Mall,ShivajiNagar,17,mid,10% cachback on payment above 2000,,
226,Central Mall,ShivajiNagar,18,high,10% off,,
227,Central Mall,ShivajiNagar,19,high,Buy 2 Get One Free,,
228,Central Mall,ShivajiNagar,20,high,Rs 100 off,,
229,Central Mall,ShivajiNagar,21,low,Buy One Get One Free,,
230,Central Mall,ShivajiNagar,22,mid,5% off,,
231,Central Mall,ShivajiNagar,23,high,5% off,,
232,Central Mall,ShivajiNagar,24,low,12% off,,
233,Central Mall,ShivajiNagar,25,mid,12% off,,
284,Central Mall,Wakad,1,mid,Flat 1000 off on 5000 shopping,,
285,Central Mall,Wakad,2,mid,15% off,,
286,Central Mall,Wakad,3,mid,10% off,,
287,Central Mall,Wakad,4,low,Flat 500 off on 2000 shopping,,
288,Central Mall,Wakad,5,high,Flat 500 off on 2000 shopping,,
289,Central Mall,Wakad,6,mid,5 % off,,
290,Central Mall,Wakad,7,low,15% off,,
291,Central Mall,Wakad,8,high,20% off,,
292,Central Mall,Wakad,9,low,10% off,,
293,Central Mall,Wakad,10,mid,FLAT 20% off on all purchases above Rs 1000,,
294,Central Mall,Wakad,11,high,25% off,,
295,Central Mall,Wakad,12,low,10% cachback,,
296,Central Mall,Wakad,13,mid,5% off,,
297,Central Mall,Wakad,14,low,5% off,,
298,Central Mall,Wakad,15,high,10% off,,
299,Central Mall,Wakad,16,low,8% off,,
300,Central Mall,Wakad,17,mid,10% cachback on payment above 2000,,
301,Central Mall,Wakad,18,high,10% off,,
302,Central Mall,Wakad,19,high,Buy 2 Get One Free,,
303,Central Mall,Wakad,20,high,Rs 100 off,,
304,Central Mall,Wakad,21,low,Buy One Get One Free,,
305,Central Mall,Wakad,22,mid,5% off,,
306,Central Mall,Wakad,23,high,5% off,,
307,Central Mall,Wakad,24,low,12% off,,
308,Central Mall,Wakad,25,mid,12% off,,
91,Dmart,Kothrud,1,mid,free 2 vouchers,,
92,Dmart,Kothrud,2,mid,Buy One Get One,,
93,Dmart,Kothrud,3,low,Buy one & get 10% off on Second,,
94,Dmart,Kothrud,4,mid,25% off,,
95,Dmart,Kothrud,5,high,12% off,,
96,Dmart,Kothrud,6,mid,Buy One Get One,,
97,Dmart,Kothrud,7,high,upto 40% off,,
98,Dmart,Kothrud,8,high,20% off,,
99,Dmart,Kothrud,9,low,10% off,,
100,Dmart,Kothrud,10,mid,FLAT 20% off on all purchases above Rs 1000,,
101,Dmart,Kothrud,11,high,25% off,,
102,Dmart,Kothrud,12,low,10% cachback,,
103,Dmart,Kothrud,13,mid,5% off,,
104,Dmart,Kothrud,14,low,5% off,,
105,Dmart,Kothrud,15,high,10% off,,
106,Dmart,Kothrud,16,low,8% off,,
107,Dmart,Kothrud,17,mid,10% cachback on payment above 2000,,
108,Dmart,Kothrud,18,high,10% off,,
109,Dmart,Kothrud,19,high,Buy 2 Get One Free,,
110,Dmart,Kothrud,20,high,Rs 100 off,,
111,Dmart,Kothrud,21,low,Buy One Get One Free,,
112,Dmart,Kothrud,22,mid,5% off,,
113,Dmart,Kothrud,23,high,5% off,,
114,Dmart,Kothrud,24,low,12% off,,
115,Dmart,Kothrud,25,mid,12% off,,
61,Dmart,Nigdi,1,low,Buy one & get 50% off on Second,18.6471,73.7559
62,Dmart,Nigdi,2,high,upto 70% off,18.6471,73.7559
63,Dmart,Nigdi,3,high,Buy two Get One,18.6471,73.7559
64,Dmart,Nigdi,4,high,25% off,18.6471,73.7559
65,Dmart,Nigdi,5,low,upto 25% off,18.6471,73.7559
66,Dmart,Nigdi,6,high,10% off,18.6471,73.7559
67,Dmart,Nigdi,7,low,upto 45%off,18.6471,73.7559
71,Dmart,Nigdi,8,high,Buy two Get One for birthday  people,18.6471,73.7559
141,Dmart,Nigdi,1,mid,free 2 vouchers,,
142,Dmart,Nigdi,2,mid,Buy One Get One,,
143,Dmart,Nigdi,3,low,Buy one & get 10% off on Second,,
144,Dmart,Nigdi,4,mid,25% off,,
145,Dmart,Nigdi,5,high,12% off,,
146,Dmart,Nigdi,6,mid,Buy One Get One,,
147,Dmart,Nigdi,7,high,upto 40% off,,
148,Dmart,Nigdi,8,high,20% off,,
149,Dmart,Nigdi,9,low,10% off,,
150,Dmart,Nigdi,10,mid,FLAT 20% off on all purchases above Rs 1000,,
151,Dmart,Nigdi,11,high,25% off,,
152,Dmart,Nigdi,12,low,10% cachback,,
153,Dmart,Nigdi,13,mid,5% off,,
154,Dmart,Nigdi,14,low,5% off,,
155,Dmart,Nigdi,15,high,10% off,,
156,Dmart,Nigdi,16,low,8% off,,
157,Dmart,Nigdi,17,mid,10% cachback on payment above 2000,,
158,Dmart,Nigdi,18,high,10% off,,
159,Dmart,Nigdi,19,high,Buy 2 Get One Free,,
160,Dmart,Nigdi,20,high,Rs 100 off,,
161,Dmart,Nigdi,21,low,Buy One Get One Free,,
162,Dmart,Nigdi,22,mid,5% off,,
163,Dmart,Nigdi,23,high,5% off,,
164,Dmart,Nigdi,24,low,12% off,,
165,Dmart,Nigdi,25,mid,15% off,,
116,Dmart,Pimpri,1,mid,free 2 vouchers,,
117,Dmart,Pimpri,2,mid,Buy One Get One,,
118,Dmart,Pimpri,3,low,Buy one & get 10% off on Second,,
119,Dmart,Pimpri,4,mid,25% off,,
120,Dmart,Pimpri,5,high,12% off,,
121,Dmart,Pimpri,6,mid,Buy One Get One,,
122,Dmart,Pimpri,7,high,upto 40% off,,
123,Dmart,Pimpri,8,high,20% off,,
124,Dmart,Pimpri,9,low,10% off,,
125,Dmart,Pimpri,10,mid,FLAT 20% off on all purchases above Rs 1000,,
126,Dmart,Pimpri,11,high,25% off,,
127,Dmart,Pimpri,12,low,10% cachback,,
128,Dmart,Pimpri,13,mid,5% off,,
129,Dmart,Pimpri,14,low,5% off,,
130,Dmart,Pimpri,15,high,10% off,,
131,Dmart,Pimpri,16,low,8% off,,
132,Dmart,Pimpri,17,mid,10% cachback on payment above 2000,,
133,Dmart,Pimpri,18,high,10% off,,
134,Dmart,Pimpri,19,high,Buy 2 Get One Free,,
135,Dmart,Pimpri,20,high,Rs 100 off,,
136,Dmart,Pimpri,21,low,Buy One Get One Free,,
137,Dmart,Pimpri,22,mid,5% off,,
138,Dmart,Pimpri,23,high,5% off,,
139,Dmart,Pimpri,24,low,12% off,,
140,Dmart,Pimpri,25,mid,15% off,,
1,Dmart,ShivajiNagar,1,high,10% off,18.5308,73.8475
2,Dmart,ShivajiNagar,2,mid,40% off,18.5308,73.8475
3,Dmart,ShivajiNagar,3,mid,Buy One Get One,18.5308,73.8475
4,Dmart,ShivajiNagar,4,high,upto 60% off,18.5308,73.8475
5,Dmart,ShivajiNagar,5,high,upto 20% off,18.5308,73.8475
6,Dmart,ShivajiNagar,6,high,10% Off,18.5308,73.8475
7,Dmart,ShivajiNagar,7,mid,free 8 voucher,18.5308,73.8475
68,Dmart,ShivajiNagar,8,mid,10% off for birthday people,18.5308,73.8475
73,Dmart,ShivajiNagar,8,high,20% off,,
74,Dmart,ShivajiNagar,9,low,10% off,,
75,Dmart,ShivajiNagar,10,mid,FLAT 20% off on all purchases above Rs 2500,,
76,Dmart,ShivajiNagar,11,high,25% off,,
77,Dmart,ShivajiNagar,12,low,10% cachback on CITI credit card,,
78,Dmart,ShivajiNagar,13,mid,5% off,,
79,Dmart,ShivajiNagar,14,low,5% off,,
80,Dmart,ShivajiNagar,15,high,10% off,,
81,Dmart,ShivajiNagar,16,low,8% off,,
82,Dmart,ShivajiNagar,17,mid,10% cachback on payment above 5000,,
83,Dmart,ShivajiNagar,18,high,10% off,,
84,Dmart,ShivajiNagar,19,high,Buy 2 Get One Free,,
85,Dmart,ShivajiNagar,20,high,Rs 100 off,,
86,Dmart,ShivajiNagar,21,low,Buy One Get One Free,,
87,Dmart,ShivajiNagar,22,mid,5% off,,
88,Dmart,ShivajiNagar,23,high,5% off,,
89,Dmart,ShivajiNagar,24,low,25% off,,
90,Dmart,ShivajiNagar,25,mid,12% off,,
166,Dmart,Wakad,1,mid,free 2 vouchers,,
167,Dmart,Wakad,2,mid,Buy One Get One,,
168,Dmart,Wakad,3,low,Buy one & get 10% off on Second,,
169,Dmart,Wakad,4,mid,25% off,,
170,Dmart,Wakad,5,high,12% off,,
171,Dmart,Wakad,6,mid,Buy One Get One,,
172,Dmart,Wakad,7,high,upto 40% off,,
173,Dmart,Wakad,8,high,20% off,,
174,Dmart,Wakad,9,low,10% off,,
175,Dmart,Wakad,10,mid,FLAT 20% off on all purchases above Rs 1000,,
176,Dmart,Wakad,11,high,25% off,,
177,Dmart,Wakad,12,low,10% cachback,,
178,Dmart,Wakad,13,mid,5% off,,
179,Dmart,Wakad,14,low,5% off,,
180,Dmart,Wakad,15,high,10% off,,
181,Dmart,Wakad,16,low,8% off,,
182,Dmart,Wakad,17,mid,10% cachback on payment above 2000,,
183,Dmart,Wakad,18,high,10% off,,
184,Dmart,Wakad,19,high,Buy 2 Get One Free,,
185,Dmart,Wakad,20,high,Rs 100 off,,
186,Dmart,Wakad,21,low,Buy One Get One Free,,
187,Dmart,Wakad,22,mid,5% off,,
188,Dmart,Wakad,23,high,5% off,,
189,Dmart,Wakad,24,low,12% off,,
190,Dmart,Wakad,25,mid,15% off,,
21,Home Decore,Pimpri,7,mid,Buy one & get 50% off on Second,18.6498,73.7997
24,Jayhind,Kothrud,2,high,upto 60% off,18.5274,73.8477
447,Jayhind,Kothrud,2,low,Buy one & get 25% off on Second,,
450,Jayhind,Kothrud,2,mid,Buy one & get 35% off on Second,,
449,Jayhind,Nigdi,2,low,Buy one & get 25% off on Second,,
452,Jayhind,Nigdi,2,mid,Buy one & get 35% off on Second,,
456,Jayhind,Nigdi,2,high,Buy two & get 25% off on Second,,
25,Jayhind,Pimpri,2,low,Buy One Get One,18.6218,73.7917
454,Jayhind,Pimpri,2,mid,Buy one & get 35% off on Second,,
458,Jayhind,Pimpri,2,high,Buy two & get 25% off on Second,,
16,Jayhind,ShivajiNagar,2,low,Buy one & get 50% off on Second,18.5299,73.8399
451,Jayhind,Shivajinagar,2,mid,Buy one & get 35% off on Second,,
455,Jayhind,Shivajinagar,2,high,Buy two & get 25% off on Second,,
448,Jayhind,Wakad,2,low,Buy one & get 25% off on Second,,
453,Jayhind,wakad,2,mid,Buy one & get 35% off on Second,,
457,Jayhind,wakad,2,high,Buy two & get 25% off on Second,,
473,KidGames,Kothrud,4,low,Buy One and 5% off on second,,
477,KidGames,Kothrud,4,mid,Buy One and 10% off on second,,
482,KidGames,Kothrud,4,high,Buy One and Get One free worth Rs 201,,
474,KidGames,Nigdi,4,low,Buy One and 5% off on second,,
478,KidGames,Nigdi,4,mid,Buy One and 10% off on second,,
483,KidGames,Nigdi,4,high,Buy One and Get One free worth Rs 202,,
18,KidGames,Pimpri,4,low,25% off,18.6598,73.7981
480,KidGames,Pimpri,4,mid,Buy One and 10% off on second,,
485,KidGames,Pimpri,4,high,Buy One and Get One free worth Rs 204,,
472,KidGames,Shivajinagar,4,low,Buy One and 5% off on second,,
476,KidGames,Shivajinagar,4,mid,Buy One and 10% off on second,,
481,KidGames,Shivajinagar,4,high,Buy One and Get One free worth Rs 200,,
475,KidGames,Wakad,4,low,Buy One and 5% off on second,,
479,KidGames,Wakad,4,mid,Buy One and 10% off on second,,
484,KidGames,Wakad,4,high,Buy One and Get One free worth Rs 203,,
500,LG,Kothrud,1,low,15% off on Rs 20000 shopping,,
505,LG,Kothrud,1,mid,20% off on Rs 20000 shopping,,
510,LG,Kothrud,1,high,25% off on Rs 20000 shopping,,
501,LG,Nigdi,1,low,15% off on Rs 20000 shopping,,
506,LG,Nigdi,1,mid,20% off on Rs 20000 shopping,,
511,LG,Nigdi,1,high,20% off on Rs 20000 shopping,,
503,LG,Pimpri,1,low,15% off on Rs 20000 shopping,,
508,LG,Pimpri,1,mid,20% off on Rs 20000 shopping,,
513,LG,Pimpri,1,high,20% off on Rs 20000 shopping,,
22,LG,ShivajiNagar,1,high,Flat 1000 off,18.515,73.8275
504,LG,Shivajinagar,1,low,15% off on Rs 20000 shopping,,
509,LG,Shivajinagar,1,mid,20% off on Rs 20000 shopping,,
514,LG,Shivajinagar,1,high,20% off on Rs 20000 shopping,,
502,LG,Wakad,1,low,15% off on Rs 20000 shopping,,
507,LG,Wakad,1,mid,20% off on Rs 20000 shopping,,
512,LG,Wakad,1,high,20% off on Rs 20000 shopping,,
708,Mega Mart,Kothrud,1,high,10% off,,
709,Mega Mart,Kothrud,2,mid,40% off,,
710,Mega Mart,Kothrud,3,mid,Buy One Get One,,
711,Mega Mart,Kothrud,4,high,upto 60% off,,
712,Mega Mart,Kothrud,5,high,upto 20% off,,
713,Mega Mart,Kothrud,6,high,10% Off,,
714,Mega Mart,Kothrud,7,mid,free 8 voucher,,
715,Mega Mart,Kothrud,8,high,10% Discocount ,,
716,Mega Mart,Kothrud,9,mid,Flat 7 % off,,
717,Mega Mart,Kothrud,10,high,10% off,,
718,Mega Mart,Kothrud,11,low,Buy One Get Two,,
719,Mega Mart,Kothrud,12,mid,8 % off,,
720,Mega Mart,Kothrud,13,high,free 2 voucher,,
721,Mega Mart,Kothrud,14,low,5 % off,,
722,Mega Mart,Kothrud,15,mid,100 Rs CashBack,,
723,Mega Mart,Kothrud,16,high,Flat 700 off on 3000 shopping,,
724,Mega Mart,Kothrud,17,mid,500 Rs CashBack,,
725,Mega Mart,Kothrud,18,high,Flat 70 off on 500 shopping,,
726,Mega Mart,Kothrud,19,low,flat 200 Rs off,,
727,Mega Mart,Kothrud,20,high,Flat 75 off on 2000 shopping,,
728,Mega Mart,Kothrud,21,mid,10% Discount,,
729,Mega Mart,Kothrud,22,low,10 Rs Cashback,,
730,Mega Mart,Kothrud,23,high,50 off on 5 print,,
731,Mega Mart,Kothrud,24,low,Flat 100 off on 1000 shopping,,
732,Mega Mart,Kothrud,25,high,Buy One Get One,,
54,Mega Mart,Nigdi,1,high,15% off,18.6571,73.7659
55,Mega Mart,Nigdi,2,high,upto 35% off,18.6571,73.7659
56,Mega Mart,Nigdi,3,mid,Buy one Get One,18.6571,73.7659
57,Mega Mart,Nigdi,4,high,15% off,18.6571,73.7659
58,Mega Mart,Nigdi,5,high,upto 35% off,18.6571,73.7659
59,Mega Mart,Nigdi,6,high,8% off,18.6571,73.7659
60,Mega Mart,Nigdi,7,low,upto 60%off,18.6571,73.7659
68,Mega Mart,Nigdi,8,mid,15% off for birthday  people,18.6271,73.7679
690,Mega Mart,Nigdi,8,high,20% Discocount ,,
691,Mega Mart,Nigdi,9,mid,Flat 10% off,,
692,Mega Mart,Nigdi,10,high,20% off,,
693,Mega Mart,Nigdi,11,low,Buy One Get One,,
694,Mega Mart,Nigdi,12,mid,8% off,,
695,Mega Mart,Nigdi,13,high,free 8 voucher,,
696,Mega Mart,Nigdi,14,low,5% off,,
697,Mega Mart,Nigdi,15,mid,500 Rs CashBack,,
698,Mega Mart,Nigdi,16,high,Flat 500 off on 3000 shopping,,
699,Mega Mart,Nigdi,17,mid,500 Rs CashBack,,
700,Mega Mart,Nigdi,18,high,Flat 100 off on 1000 shopping,,
701,Mega Mart,Nigdi,19,low,Get one Music CD free,,
702,Mega Mart,Nigdi,20,high,Flat 50 off on 1000 shopping,,
703,Mega Mart,Nigdi,21,mid,10% Discount,,
704,Mega Mart,Nigdi,22,low,1% Discount,,
705,Mega Mart,Nigdi,23,high,50 off on 10 print,,
706,Mega Mart,Nigdi,24,low,Flat 500 off on 1000 shopping,,
707,Mega Mart,Nigdi,25,high,Buy One Get One,,
665,Mega Mart,Pimpri,1,high,10% off,,
666,Mega Mart,Pimpri,2,mid,40% off,,
667,Mega Mart,Pimpri,3,mid,Buy One Get One,,
668,Mega Mart,Pimpri,4,high,upto 60% off,,
669,Mega Mart,Pimpri,5,high,upto 20% off,,
670,Mega Mart,Pimpri,6,high,10% Off,,
671,Mega Mart,Pimpri,7,mid,free 8 voucher,,
672,Mega Mart,Pimpri,8,high,10% Discocount ,,
673,Mega Mart,Pimpri,9,mid,Flat 7 % off,,
674,Mega Mart,Pimpri,10,high,10% off,,
675,Mega Mart,Pimpri,11,low,Buy One Get Two,,
676,Mega Mart,Pimpri,12,mid,8 % off,,
677,Mega Mart,Pimpri,13,high,free 2 voucher,,
678,Mega Mart,Pimpri,14,low,5 % off,,
679,Mega Mart,Pimpri,15,mid,100 Rs CashBack,,
680,Mega Mart,Pimpri,16,high,Flat 700 off on 3000 shopping,,
681,Mega Mart,Pimpri,17,mid,500 Rs CashBack,,
682,Mega Mart,Pimpri,18,high,Flat 70 off on 500 shopping,,
683,Mega Mart,Pimpri,19,low,flat 200 Rs off,,
684,Mega Mart,Pimpri,20,high,Flat 75 off on 2000 shopping,,
685,Mega Mart,Pimpri,21,mid,10% Discount,,
686,Mega Mart,Pimpri,22,low,10 Rs Cashback,,
687,Mega Mart,Pimpri,23,high,50 off on 5 print,,
688,Mega Mart,Pimpri,24,low,Flat 100 off on 1000 shopping,,
689,Mega Mart,Pimpri,25,high,Buy One Get One,,
733,Mega Mart,ShivajiNagar,1,high,10% off,,
734,Mega Mart,ShivajiNagar,2,mid,40% off,,
735,Mega Mart,ShivajiNagar,3,mid,Buy One Get One,,
736,Mega Mart,ShivajiNagar,4,high,upto 60% off,,
737,Mega Mart,ShivajiNagar,5,high,upto 20% off,,
738,Mega Mart,ShivajiNagar,6,high,10% Off,,
739,Mega Mart,ShivajiNagar,7,mid,free 8 voucher,,
740,Mega Mart,ShivajiNagar,8,high,10% Discocount ,,
741,Mega Mart,ShivajiNagar,9,mid,Flat 7 % off,,
742,Mega Mart,ShivajiNagar,10,high,10% off,,
743,Mega Mart,ShivajiNagar,11,low,Buy One Get Two,,
744,Mega Mart,ShivajiNagar,12,mid,8 % off,,
745,Mega Mart,ShivajiNagar,13,high,free 2 voucher,,
746,Mega Mart,ShivajiNagar,14,low,5 % off,,
747,Mega Mart,ShivajiNagar,15,mid,100 Rs CashBack,,
748,Mega Mart,ShivajiNagar,16,high,Flat 700 off on 3000 shopping,,
749,Mega Mart,ShivajiNagar,17,mid,500 Rs CashBack,,
750,Mega Mart,ShivajiNagar,18,high,Flat 70 off on 500 shopping,,
751,Mega Mart,ShivajiNagar,19,low,flat 200 Rs off,,
752,Mega Mart,ShivajiNagar,20,high,Flat 75 off on 2000 shopping,,
753,Mega Mart,ShivajiNagar,21,mid,10% Discount,,
754,Mega Mart,ShivajiNagar,22,low,10 Rs Cashback,,
755,Mega Mart,ShivajiNagar,23,high,50 off on 5 print,,
756,Mega Mart,ShivajiNagar,24,low,Flat 100 off on 1000 shopping,,
757,Mega Mart,ShivajiNagar,25,high,Buy One Get One,,
640,Mega Mart,Wakad,1,high,10% off,,
641,Mega Mart,Wakad,2,mid,40% off,,
642,Mega Mart,Wakad,3,mid,Buy One Get One,,
643,Mega Mart,Wakad,4,high,upto 60% off,,
644,Mega Mart,Wakad,5,high,upto 20% off,,
645,Mega Mart,Wakad,6,high,10% Off,,
646,Mega Mart,Wakad,7,mid,free 8 voucher,,
647,Mega Mart,Wakad,8,high,20% Discocount ,,
648,Mega Mart,Wakad,9,mid,Flat 10% off,,
649,Mega Mart,Wakad,10,high,20% off,,
650,Mega Mart,Wakad,11,low,Buy One Get One,,
651,Mega Mart,Wakad,12,mid,8% off,,
652,Mega Mart,Wakad,13,high,free 8 voucher,,
653,Mega Mart,Wakad,14,low,5% off,,
654,Mega Mart,Wakad,15,mid,500 Rs CashBack,,
655,Mega Mart,Wakad,16,high,Flat 500 off on 3000 shopping,,
656,Mega Mart,Wakad,17,mid,500 Rs CashBack,,
657,Mega Mart,Wakad,18,high,Flat 100 off on 1000 shopping,,
658,Mega Mart,Wakad,19,low,Get one Music CD free,,
659,Mega Mart,Wakad,20,high,Flat 50 off on 1000 shopping,,
660,Mega Mart,Wakad,21,mid,10% Discount,,
661,Mega Mart,Wakad,22,low,1% Discount,,
662,Mega Mart,Wakad,23,high,50 off on 10 print,,
663,Mega Mart,Wakad,24,low,Flat 500 off on 1000 shopping,,
664,Mega Mart,Wakad,25,high,Buy One Get One,,
20,Navneet,Pimpri,6,mid,10% off,18.6298,73.7997
23,Radhika,Pimpri,1,mid,upto 50% off,18.6298,73.7597
590,Reliacnce Mart,Kothrud,1,high,Up to 15% off,,
591,Reliacnce Mart,Kothrud,2,mid,30% off,,
592,Reliacnce Mart,Kothrud,3,mid,Buy Two Get One Cupon,,
593,Reliacnce Mart,Kothrud,4,high,upto 50% off,,
594,Reliacnce Mart,Kothrud,5,high,upto 10% off,,
595,Reliacnce Mart,Kothrud,6,high,5% Off on 5 dozen quantity,,
596,Reliacnce Mart,Kothrud,7,mid,free 1 voucher,,
597,Reliacnce Mart,Kothrud,8,high,3% Discocount ,,
598,Reliacnce Mart,Kothrud,9,mid,Flat 7 % off,,
599,Reliacnce Mart,Kothrud,10,high,10% off,,
600,Reliacnce Mart,Kothrud,11,low,Buy One Get Two,,
601,Reliacnce Mart,Kothrud,12,mid,8 % off,,
602,Reliacnce Mart,Kothrud,13,high,free 2 voucher,,
603,Reliacnce Mart,Kothrud,14,low,5 % off,,
604,Reliacnce Mart,Kothrud,15,mid,100 Rs CashBack,,
605,Reliacnce Mart,Kothrud,16,high,Flat 700 off on 3000 shopping,,
606,Reliacnce Mart,Kothrud,17,mid,500 Rs CashBack,,
607,Reliacnce Mart,Kothrud,18,high,Flat 70 off on 500 shopping,,
608,Reliacnce Mart,Kothrud,19,low,flat 200 Rs off,,
609,Reliacnce Mart,Kothrud,20,high,Flat 75 off on 2000 shopping,,
610,Reliacnce Mart,Kothrud,21,mid,10% Discount,,
611,Reliacnce Mart,Kothrud,22,low,10 Rs Cashback,,
612,Reliacnce Mart,Kothrud,23,high,50 off on 5 print,,
613,Reliacnce Mart,Kothrud,24,low,Flat 100 off on 1000 shopping,,
614,Reliacnce Mart,Kothrud,25,high,Buy One Get One,,
565,Reliacnce Mart,Nigdi,1,high,upto 10% off,,
566,Reliacnce Mart,Nigdi,2,mid,upto 40% off,,
567,Reliacnce Mart,Nigdi,3,mid,Buy One Get One,,
568,Reliacnce Mart,Nigdi,4,high,upto 30% off,,
569,Reliacnce Mart,Nigdi,5,high,upto 30% off,,
570,Reliacnce Mart,Nigdi,6,high,5% Off,,
571,Reliacnce Mart,Nigdi,7,mid,free 3 voucher,,
572,Reliacnce Mart,Nigdi,8,high,10% Discocount ,,
573,Reliacnce Mart,Nigdi,9,mid,Flat 7% off,,
574,Reliacnce Mart,Nigdi,10,high,12% off,,
575,Reliacnce Mart,Nigdi,11,low,Buy Three Get One,,
576,Reliacnce Mart,Nigdi,12,mid,1% off on making charges,,
577,Reliacnce Mart,Nigdi,13,high,free 2 voucher,,
578,Reliacnce Mart,Nigdi,14,low,7 % off,,
579,Reliacnce Mart,Nigdi,15,mid,200 Rs CashBack,,
580,Reliacnce Mart,Nigdi,16,high,Flat 100 off on 1000 shopping,,
581,Reliacnce Mart,Nigdi,17,mid,200 Rs CashBack,,
582,Reliacnce Mart,Nigdi,18,high,Flat 75 off on 800 shopping,,
583,Reliacnce Mart,Nigdi,19,low,Buy three and get penDrive free,,
584,Reliacnce Mart,Nigdi,20,high,Flat 20 % off on 1000 shopping,,
585,Reliacnce Mart,Nigdi,21,mid,upto 8% Discount,,
586,Reliacnce Mart,Nigdi,22,low,2% Discount,,
587,Reliacnce Mart,Nigdi,23,high,25 Rs off on 10 print,,
588,Reliacnce Mart,Nigdi,24,low,Flat 100 off on 500 shopping,,
589,Reliacnce Mart,Nigdi,25,high,one Music CD free,,
47,Reliacnce Mart,Pimpri,1,high,Flat 1000 off,18.6298,73.7997
48,Reliacnce Mart,Pimpri,2,mid,Buy one & get 50% off on Second,18.6298,73.7997
49,Reliacnce Mart,Pimpri,3,low,Flat 200 off,18.6298,73.7997
50,Reliacnce Mart,Pimpri,4,mid,Flat 300 off,18.6298,73.7997
51,Reliacnce Mart,Pimpri,5,mid,upto 35% off,18.6298,73.7997
52,Reliacnce Mart,Pimpri,6,low,Buy One Get One,18.6298,73.7997
53,Reliacnce Mart,Pimpri,7,high,Buy one & get 50% off on Second,18.6298,73.7997
540,Reliacnce Mart,Pimpri,1,high,up to 10 % off,,
541,Reliacnce Mart,Pimpri,2,mid,30 % off,,
542,Reliacnce Mart,Pimpri,3,mid,upto 30% off,,
543,Reliacnce Mart,Pimpri,4,high,upto 50% off,,
544,Reliacnce Mart,Pimpri,5,high,upto 8% off,,
545,Reliacnce Mart,Pimpri,6,high,5% Off,,
546,Reliacnce Mart,Pimpri,7,mid,free 5 voucher,,
547,Reliacnce Mart,Pimpri,8,high,5% Discocount ,,
548,Reliacnce Mart,Pimpri,9,mid,Flat 5 % off,,
549,Reliacnce Mart,Pimpri,10,high,up to 30 % off,,
550,Reliacnce Mart,Pimpri,11,low,Buy Two Get One,,
551,Reliacnce Mart,Pimpri,12,mid,making charges free,,
552,Reliacnce Mart,Pimpri,13,high,free 1 voucher,,
553,Reliacnce Mart,Pimpri,14,low,3 % off,,
554,Reliacnce Mart,Pimpri,15,mid,300 Rs CashBack,,
555,Reliacnce Mart,Pimpri,16,high,Flat 400 off on 3000 shopping,,
556,Reliacnce Mart,Pimpri,17,mid,100 Rs CashBack,,
557,Reliacnce Mart,Pimpri,18,high,Flat 25 %off on 1500 shopping,,
558,Reliacnce Mart,Pimpri,19,low,flat 100 Rs off,,
559,Reliacnce Mart,Pimpri,20,high,Flat 80 off on 2000 shopping,,
560,Reliacnce Mart,Pimpri,21,mid,12 % Discount,,
561,Reliacnce Mart,Pimpri,22,low,5 Rs Cashback,,
562,Reliacnce Mart,Pimpri,23,high,1 print free on 10 prints,,
563,Reliacnce Mart,Pimpri,24,low,Flat 10 % off on 1000 shopping,,
564,Reliacnce Mart,Pimpri,25,high,10% off upto 1000 shopping,,
615,Reliacnce Mart,ShivajiNagar,1,high,10% off,,
616,Reliacnce Mart,ShivajiNagar,2,mid,40% off,,
617,Reliacnce Mart,ShivajiNagar,3,mid,Buy One Get One,,
618,Reliacnce Mart,ShivajiNagar,4,high,upto 60% off,,
619,Reliacnce Mart,ShivajiNagar,5,high,upto 20% off,,
620,Reliacnce Mart,ShivajiNagar,6,high,10% Off,,
621,Reliacnce Mart,ShivajiNagar,7,mid,free 8 voucher,,
622,Reliacnce Mart,ShivajiNagar,8,high,10% Discocount ,,
623,Reliacnce Mart,ShivajiNagar,9,mid,Flat 7 % off,,
624,Reliacnce Mart,ShivajiNagar,10,high,10% off,,
625,Reliacnce Mart,ShivajiNagar,11,low,Buy One Get Two,,
626,Reliacnce Mart,ShivajiNagar,12,mid,8 % off,,
627,Reliacnce Mart,ShivajiNagar,13,high,free 2 voucher,,
628,Reliacnce Mart,ShivajiNagar,14,low,5 % off,,
629,Reliacnce Mart,ShivajiNagar,15,mid,100 Rs CashBack,,
630,Reliacnce Mart,ShivajiNagar,16,high,Flat 700 off on 3000 shopping,,
631,Reliacnce Mart,ShivajiNagar,17,mid,500 Rs CashBack,,
632,Reliacnce Mart,ShivajiNagar,18,high,Flat 70 off on 500 shopping,,
633,Reliacnce Mart,ShivajiNagar,19,low,flat 200 Rs off,,
634,Reliacnce Mart,ShivajiNagar,20,high,Flat 75 off on 2000 shopping,,
635,Reliacnce Mart,ShivajiNagar,21,mid,10% Discount,,
636,Reliacnce Mart,ShivajiNagar,22,low,10 Rs Cashback,,
637,Reliacnce Mart,ShivajiNagar,23,high,50 off on 5 print,,
638,Reliacnce Mart,ShivajiNagar,24,low,Flat 100 off on 1000 shopping,,
639,Reliacnce Mart,ShivajiNagar,25,high,Buy One Get One,,
40,Reliacnce Mart,Wakad,1,mid,Flat 1000 off on 5000 shopping,18.5989,73.7653
41,Reliacnce Mart,Wakad,2,mid,15% off,18.5989,73.7653
42,Reliacnce Mart,Wakad,3,mid,10% off,18.5989,73.7653
43,Reliacnce Mart,Wakad,4,low,Flat 500 off on 2000 shopping,18.5989,73.7653
44,Reliacnce Mart,Wakad,5,high,Flat 500 off on 2000 shopping,18.5989,73.7653
45,Reliacnce Mart,Wakad,6,mid,5 % off,18.5989,73.7653
46,Reliacnce Mart,Wakad,7,low,15% off,18.5989,73.7653
70,Reliacnce Mart,Wakad,8,low,upto 35% off for birthday  people,18.5989,73.7653
515,Reliacnce Mart,Wakad,1,high,10% off,,
516,Reliacnce Mart,Wakad,2,mid,40% off,,
517,Reliacnce Mart,Wakad,3,mid,Buy One Get One,,
518,Reliacnce Mart,Wakad,4,high,upto 60% off,,
519,Reliacnce Mart,Wakad,5,high,upto 20% off,,
520,Reliacnce Mart,Wakad,6,high,10% Off,,
521,Reliacnce Mart,Wakad,7,mid,free 3 voucher,,
522,Reliacnce Mart,Wakad,8,high,10 % Discocount ,,
523,Reliacnce Mart,Wakad,9,mid,Flat 4% off,,
524,Reliacnce Mart,Wakad,10,high,10% off,,
525,Reliacnce Mart,Wakad,11,low,Buy One Get One,,
526,Reliacnce Mart,Wakad,12,mid,2% off,,
527,Reliacnce Mart,Wakad,13,high,free 1 voucher,,
528,Reliacnce Mart,Wakad,14,low,7% off,,
529,Reliacnce Mart,Wakad,15,mid,100 Rs CashBack,,
530,Reliacnce Mart,Wakad,16,high,Flat 400 off on 3000 shopping,,
531,Reliacnce Mart,Wakad,17,mid,200 Rs CashBack,,
532,Reliacnce Mart,Wakad,18,high,Flat 150 off on 1000 shopping,,
533,Reliacnce Mart,Wakad,19,low,Get Two Music CD free ,,
534,Reliacnce Mart,Wakad,20,high,Flat 20 off on 1000 shopping,,
535,Reliacnce Mart,Wakad,21,mid,8% Discount,,
536,Reliacnce Mart,Wakad,22,low,1.5 % Discount,,
537,Reliacnce Mart,Wakad,23,high,20 Rs off on 10 print,,
538,Reliacnce Mart,Wakad,24,low,Flat 200 off on 1000 shopping,,
539,Reliacnce Mart,Wakad,25,high,Buy Two Get One,,
487,Sakti Sports,Kothrud,5,low,10% off on Rs 2000 shopping,,
492,Sakti Sports,Kothrud,5,low,15% off on Rs 2000 shopping,,
496,Sakti Sports,Kothrud,5,high,20% off on Rs 2000 shopping,,
488,Sakti Sports,Nigdi,5,low,10% off on Rs 2000 shopping,,
493,Sakti Sports,Nigdi,5,low,15% off on Rs 2000 shopping,,
497,Sakti Sports,Nigdi,5,high,20% off on Rs 2000 shopping,,
19,Sakti Sports,Pimpri,5,mid,upto 70% off,18.6238,73.7957
490,Sakti Sports,Pimpri,5,low,10% off on Rs 2000 shopping,,
499,Sakti Sports,Pimpri,5,high,20% off on Rs 2000 shopping,,
486,Sakti Sports,Shivajinagar,5,low,10% off on Rs 2000 shopping,,
491,Sakti Sports,Shivajinagar,5,mid,15% off on Rs 2000 shopping,,
495,Sakti Sports,Shivajinagar,5,high,20% off on Rs 2000 shopping,,
489,Sakti Sports,Wakad,5,low,10% off on Rs 2000 shopping,,
494,Sakti Sports,Wakad,5,low,15% off on Rs 2000 shopping,,
498,Sakti Sports,Wakad,5,high,20% off on Rs 2000 shopping,,
420,vijaySales,Kothrud,1,low,10% off,,
424,vijaySales,Kothrud,1,mid,15% off,,
429,vijaySales,Kothrud,1,high,20% off,,
434,vijaySales,Kothrud,8,low,10% off,,
438,vijaySales,Kothrud,8,mid,15% off,,
442,vijaySales,Kothrud,8,high,20% off,,
422,vijaySales,Nigdi,1,low,10% off,,
426,vijaySales,Nigdi,1,mid,15% off,,
431,vijaySales,Nigdi,1,high,20% off,,
436,vijaySales,Nigdi,8,low,10% off,,
440,vijaySales,Nigdi,8,mid,15% off,,
444,vijaySales,Nigdi,8,high,20% off,,
15,vijaySales,Pimpri,1,low,10% off,18.6298,73.7997
428,vijaySales,Pimpri,1,mid,15% off,,
433,vijaySales,Pimpri,1,high,20% off,,
446,vijaySales,Pimpri,8,high,20% off,,
421,vijaySales,Shivajinagar,1,low,10% off,,
425,vijaySales,Shivajinagar,1,mid,15% off,,
430,vijaySales,Shivajinagar,1,high,20% off,,
435,vijaySales,Shivajinagar,8,low,10% off,,
439,vijaySales,Shivajinagar,8,mid,15% off,,
443,vijaySales,Shivajinagar,8,high,20% off,,
423,vijaySales,wakad,1,low,10% off,,
427,vijaySales,wakad,1,mid,15% off,,
432,vijaySales,wakad,1,high,20% off,,
437,vijaySales,wakad,8,low,10% off,,
441,vijaySales,wakad,8,mid,15% off,,
445,vijaySales,wakad,8,high,20% off,,
