1,Bata,Hadapsar,3,low,10% off,18.5185,73.9186,,
2,Bata,Hadapsar,3,mid,0.15,18.5185,73.9186,,
3,Bata,Hadapsar,3,high,Buy One and Get One free,18.5185,73.9186,,
4,Bata,Baner,3,low,10% off,18.5573,73.7918,,
5,Bata,Baner,3,mid,0.15,18.5573,73.7918,,
6,Bata,Baner,3,high,Buy One and Get One free,18.5573,73.7918,,
7,Bata,Pimpri,3,high,Buy One Get One,18.6198,73.7897,,
8,Bata,Pimpri,8,mid,Buy One Get One for birthday  people,18.6198,73.7897,,
9,Bata,Pimpri,3,low,10% off,18.6198,73.7897,,
10,Bata,Shivajinagar,3,low,10% off,18.5245,73.8629,,
11,Bata,Shivajinagar,3,mid,0.15,18.5245,73.8629,,
12,Bata,Shivajinagar,3,high,Buy One and Get One free,18.5245,73.8629,,
13,Bata,Wakad,3,low,10% off,18.5245,73.8629,,
14,Bata,Wakad,3,mid,0.15,18.5245,73.8629,,
15,Bata,Wakad,3,high,Buy One and Get One free,18.5245,73.8629,,
16,BigBazar,Kothrud,1,high,20% Off,18.5087,73.8125,,
17,BigBazar,Kothrud,2,low,Buy one & get 50% off on Second,18.5087,73.8125,,
18,BigBazar,Kothrud,3,high,Buy One Get One,18.5087,73.8125,,
19,BigBazar,Kothrud,4,high,Buy one & get 40% off on Second,18.5087,73.8125,,
20,BigBazar,Kothrud,5,low,20% off,18.5087,73.8125,,
21,BigBazar,Kothrud,6,mid,5% off,18.5087,73.8125,,
22,BigBazar,Kothrud,7,mid,upto 25% off,18.5087,73.8125,,
23,BigBazar,Kothrud,8,low,upto 25% off for birthday  people,18.5087,73.8125,,
24,BigBazar,Kothrud,8,high,20% off,18.5087,73.8125,,
25,BigBazar,Kothrud,9,low,10% off,18.5087,73.8125,,
26,BigBazar,Kothrud,10,mid,FLAT 20% off on all purchases above Rs 1000,18.5087,73.8125,,
27,BigBazar,Kothrud,11,high,25% off,18.5087,73.8125,,
28,BigBazar,Kothrud,12,low,10% cachback,18.5087,73.8125,,
29,BigBazar,Kothrud,13,mid,5% off,18.5087,73.8125,,
30,BigBazar,Kothrud,14,low,5% off,18.5087,73.8125,,
31,BigBazar,Kothrud,15,high,10% off,18.5087,73.8125,,
32,BigBazar,Kothrud,16,low,8% off,18.5087,73.8125,,
33,BigBazar,Kothrud,17,mid,10% cachback on payment above 2000,18.5087,73.8125,,
34,BigBazar,Kothrud,18,high,10% off,18.5087,73.8125,,
35,BigBazar,Kothrud,19,high,Buy 2 Get One Free,18.5087,73.8125,,
36,BigBazar,Kothrud,20,high,Rs 100 off,18.5087,73.8125,,
37,BigBazar,Kothrud,21,low,Buy One Get One Free,18.5087,73.8125,,
38,BigBazar,Kothrud,22,mid,5% off,18.5087,73.8125,,
39,BigBazar,Kothrud,23,high,5% off,18.5087,73.8125,,
40,BigBazar,Kothrud,24,low,12% off,18.5087,73.8125,,
41,BigBazar,Kothrud,25,mid,12% off,18.5087,73.8125,,
42,BigBazar,Hinjewadi,1,mid,25% off,18.5571,73.7239,,
43,BigBazar,Hinjewadi,2,high,Flat 500 off on 2000 shopping,18.5571,73.7239,,
44,BigBazar,Hinjewadi,3,low,35% off,18.5571,73.7239,,
45,BigBazar,Hinjewadi,4,mid,Flat 200 off on 1000 shopping,18.5571,73.7239,,
46,BigBazar,Hinjewadi,5,mid,Flat 1000 off,18.5571,73.7239,,
47,BigBazar,Hinjewadi,6,low,Flat 100 off on 1000 shopping,18.5571,73.7239,,
48,BigBazar,Hinjewadi,7,high,Flat 1000 off,18.5571,73.7239,,
49,BigBazar,Hinjewadi,8,high,20% off,18.5571,73.7239,,
50,BigBazar,Hinjewadi,9,low,10% off,18.5571,73.7239,,
51,BigBazar,Hinjewadi,10,mid,FLAT 20% off on all purchases above Rs 1000,18.5571,73.7239,,
52,BigBazar,Hinjewadi,11,high,25% off,18.5571,73.7239,,
53,BigBazar,Hinjewadi,12,low,10% cachback,18.5571,73.7239,,
54,BigBazar,Hinjewadi,13,mid,5% off,18.5571,73.7239,,
55,BigBazar,Hinjewadi,14,low,5% off,18.5571,73.7239,,
56,BigBazar,Hinjewadi,15,high,10% off,18.5571,73.7239,,
57,BigBazar,Hinjewadi,16,low,8% off,18.5571,73.7239,,
58,BigBazar,Hinjewadi,17,mid,10% cachback on payment above 2000,18.5571,73.7239,,
59,BigBazar,Hinjewadi,18,high,10% off,18.5571,73.7239,,
60,BigBazar,Hinjewadi,19,high,Buy 2 Get One Free,18.5571,73.7239,,
61,BigBazar,Hinjewadi,20,high,Rs 100 off,18.5571,73.7239,,
62,BigBazar,Hinjewadi,21,low,Buy One Get One Free,18.5571,73.7239,,
63,BigBazar,Hinjewadi,22,mid,5% off,18.5571,73.7239,,
64,BigBazar,Hinjewadi,23,high,5% off,18.5571,73.7239,,
65,BigBazar,Hinjewadi,24,low,12% off,18.5571,73.7239,,
66,BigBazar,Hinjewadi,25,mid,12% off,18.5571,73.7239,,
67,BigBazar,Pimpri,1,mid,25% off,18.6239,73.8125,,
68,BigBazar,Pimpri,2,high,Flat 500 off on 2000 shopping,18.6239,73.8125,,
69,BigBazar,Pimpri,3,low,35% off,18.6239,73.8125,,
70,BigBazar,Pimpri,4,mid,Flat 200 off on 1000 shopping,18.6239,73.8125,,
71,BigBazar,Pimpri,5,mid,Flat 1000 off,18.6239,73.8125,,
72,BigBazar,Pimpri,6,low,Flat 100 off on 1000 shopping,18.6239,73.8125,,
73,BigBazar,Pimpri,7,high,Flat 1000 off,18.6239,73.8125,,
74,BigBazar,Pimpri,8,high,20% off,18.6239,73.8125,,
75,BigBazar,Pimpri,9,low,10% off,18.6239,73.8125,,
76,BigBazar,Pimpri,10,mid,FLAT 20% off on all purchases above Rs 1000,18.6239,73.8125,,
77,BigBazar,Pimpri,11,high,25% off,18.6239,73.8125,,
78,BigBazar,Pimpri,12,low,10% cachback,18.6239,73.8125,,
79,BigBazar,Pimpri,13,mid,5% off,18.6239,73.8125,,
80,BigBazar,Pimpri,14,low,5% off,18.6239,73.8125,,
81,BigBazar,Pimpri,15,high,10% off,18.6239,73.8125,,
82,BigBazar,Pimpri,16,low,8% off,18.6239,73.8125,,
83,BigBazar,Pimpri,17,mid,10% cachback on payment above 2000,18.6239,73.8125,,
84,BigBazar,Pimpri,18,high,10% off,18.6239,73.8125,,
85,BigBazar,Pimpri,19,high,Buy 2 Get One Free,18.6239,73.8125,,
86,BigBazar,Pimpri,20,high,Rs 100 off,18.6239,73.8125,,
87,BigBazar,Pimpri,21,low,Buy One Get One Free,18.6239,73.8125,,
88,BigBazar,Pimpri,22,mid,5% off,18.6239,73.8125,,
89,BigBazar,Pimpri,23,high,5% off,18.6239,73.8125,,
90,BigBazar,Pimpri,24,low,12% off,18.6239,73.8125,,
91,BigBazar,Pimpri,25,mid,12% off,18.6239,73.8125,,
92,BigBazar,Sinhagad road ,1,mid,25% off,18.5204,73.8567,,
93,BigBazar,Sinhagad road ,2,high,Flat 500 off on 2000 shopping,18.5204,73.8567,,
94,BigBazar,Sinhagad road ,3,low,35% off,18.5204,73.8567,,
95,BigBazar,Sinhagad road ,4,mid,Flat 200 off on 1000 shopping,18.5204,73.8567,,
96,BigBazar,Sinhagad road ,5,mid,Flat 1000 off,18.5204,73.8567,,
97,BigBazar,Sinhagad road ,6,low,Flat 100 off on 1000 shopping,18.5204,73.8567,,
98,BigBazar,Sinhagad road ,7,high,Flat 1000 off,18.5204,73.8567,,
99,BigBazar,Sinhagad road ,8,high,20% off,18.5204,73.8567,,
100,BigBazar,Sinhagad road ,9,low,10% off,18.5204,73.8567,,
101,BigBazar,Sinhagad road ,10,mid,FLAT 20% off on all purchases above Rs 1000,18.5204,73.8567,,
102,BigBazar,Sinhagad road ,11,high,25% off,18.5204,73.8567,,
103,BigBazar,Sinhagad road ,12,low,10% cachback,18.5204,73.8567,,
104,BigBazar,Sinhagad road ,13,mid,5% off,18.5204,73.8567,,
105,BigBazar,Sinhagad road ,14,low,5% off,18.5204,73.8567,,
106,BigBazar,Sinhagad road ,15,high,10% off,18.5204,73.8567,,
107,BigBazar,Sinhagad road ,16,low,8% off,18.5204,73.8567,,
108,BigBazar,Sinhagad road ,17,mid,10% cachback on payment above 2000,18.5204,73.8567,,
109,BigBazar,Sinhagad road ,18,high,10% off,18.5204,73.8567,,
110,BigBazar,Sinhagad road ,19,high,Buy 2 Get One Free,18.5204,73.8567,,
111,BigBazar,Sinhagad road ,20,high,Rs 100 off,18.5204,73.8567,,
112,BigBazar,Sinhagad road ,21,low,Buy One Get One Free,18.5204,73.8567,,
113,BigBazar,Sinhagad road ,22,mid,5% off,18.5204,73.8567,,
114,BigBazar,Sinhagad road ,23,high,5% off,18.5204,73.8567,,
115,BigBazar,Sinhagad road ,24,low,12% off,18.5204,73.8567,,
116,BigBazar,Sinhagad road ,25,mid,12% off,18.5204,73.8567,,
117,BigBazar,Wakad,1,mid,25% off,18.5204,73.8567,,
118,BigBazar,Wakad,2,high,Flat 500 off on 2000 shopping,18.5204,73.8567,,
119,BigBazar,Wakad,3,low,35% off,18.5204,73.8567,,
120,BigBazar,Wakad,4,mid,Flat 200 off on 1000 shopping,18.5204,73.8567,,
121,BigBazar,Wakad,5,mid,Flat 1000 off,18.5204,73.8567,,
122,BigBazar,Wakad,6,low,Flat 100 off on 1000 shopping,18.5204,73.8567,,
123,BigBazar,Wakad,7,high,Flat 1000 off,18.5204,73.8567,,
124,BigBazar,Wakad,8,high,20% off,18.5204,73.8567,,
125,BigBazar,Wakad,9,low,10% off,18.5204,73.8567,,
126,BigBazar,Wakad,10,mid,FLAT 20% off on all purchases above Rs 1000,18.5204,73.8567,,
127,BigBazar,Wakad,11,high,25% off,18.5204,73.8567,,
128,BigBazar,Wakad,12,low,10% cachback,18.5204,73.8567,,
129,BigBazar,Wakad,13,mid,5% off,18.5204,73.8567,,
130,BigBazar,Wakad,14,low,5% off,18.5204,73.8567,,
131,BigBazar,Wakad,15,high,10% off,18.5204,73.8567,,
132,BigBazar,Wakad,16,low,8% off,18.5204,73.8567,,
133,BigBazar,Wakad,17,mid,10% cachback on payment above 2000,18.5204,73.8567,,
134,BigBazar,Wakad,18,high,10% off,18.5204,73.8567,,
135,BigBazar,Wakad,19,high,Buy 2 Get One Free,18.5204,73.8567,,
136,BigBazar,Wakad,20,high,Rs 100 off,18.5204,73.8567,,
137,BigBazar,Wakad,21,low,Buy One Get One Free,18.5204,73.8567,,
138,BigBazar,Wakad,22,mid,5% off,18.5204,73.8567,,
139,BigBazar,Wakad,23,high,5% off,18.5204,73.8567,,
140,BigBazar,Wakad,24,low,12% off,18.5204,73.8567,,
141,BigBazar,Wakad,25,mid,12% off,18.5204,73.8567,,
142,Central Mall,Kothrud,1,mid,free 8 voucher,18.5344,73.8363,,
143,Central Mall,Kothrud,2,mid,Buy One Get One,18.5344,73.8363,,
144,Central Mall,Kothrud,3,low,Buy one & get 50% off on Second,18.5344,73.8363,,
145,Central Mall,Kothrud,4,mid,25% off,18.5344,73.8363,,
146,Central Mall,Kothrud,5,high,12% off,18.5344,73.8363,,
147,Central Mall,Kothrud,6,mid,Buy One Get One,18.5344,73.8363,,
148,Central Mall,Kothrud,7,high,upto 40% off,18.5344,73.8363,,
149,Central Mall,Kothrud,8,high,20% off,18.5344,73.8363,,
150,Central Mall,Kothrud,9,low,10% off,18.5344,73.8363,,
151,Central Mall,Kothrud,10,mid,FLAT 20% off on all purchases above Rs 1000,18.5344,73.8363,,
152,Central Mall,Kothrud,11,high,25% off,18.5344,73.8363,,
153,Central Mall,Kothrud,12,low,10% cachback,18.5344,73.8363,,
154,Central Mall,Kothrud,13,mid,5% off,18.5344,73.8363,,
155,Central Mall,Kothrud,14,low,5% off,18.5344,73.8363,,
156,Central Mall,Kothrud,15,high,10% off,18.5344,73.8363,,
157,Central Mall,Kothrud,16,low,8% off,18.5344,73.8363,,
158,Central Mall,Kothrud,17,mid,10% cachback on payment above 2000,18.5344,73.8363,,
159,Central Mall,Kothrud,18,high,10% off,18.5344,73.8363,,
160,Central Mall,Kothrud,19,high,Buy 2 Get One Free,18.5344,73.8363,,
161,Central Mall,Kothrud,20,high,Rs 100 off,18.5344,73.8363,,
162,Central Mall,Kothrud,21,low,Buy One Get One Free,18.5344,73.8363,,
163,Central Mall,Kothrud,22,mid,5% off,18.5344,73.8363,,
164,Central Mall,Kothrud,23,high,5% off,18.5344,73.8363,,
165,Central Mall,Kothrud,24,low,12% off,18.5344,73.8363,,
166,Central Mall,Kothrud,25,mid,12% off,18.5344,73.8363,,
167,Central Mall,Nigdi,1,mid,Flat 1000 off on 5000 shopping,18.5344,73.8363,,
168,Central Mall,Nigdi,2,mid,15% off,18.5344,73.8363,,
169,Central Mall,Nigdi,3,mid,10% off,18.5344,73.8363,,
170,Central Mall,Nigdi,4,low,Flat 500 off on 2000 shopping,18.5344,73.8363,,
171,Central Mall,Nigdi,5,high,Flat 500 off on 2000 shopping,18.5344,73.8363,,
172,Central Mall,Nigdi,6,mid,5 % off,18.5344,73.8363,,
173,Central Mall,Nigdi,7,low,15% off,18.5344,73.8363,,
174,Central Mall,Nigdi,8,high,20% off,18.5344,73.8363,,
175,Central Mall,Nigdi,9,low,10% off,18.5344,73.8363,,
176,Central Mall,Nigdi,10,mid,FLAT 20% off on all purchases above Rs 1000,18.5344,73.8363,,
177,Central Mall,Nigdi,11,high,25% off,18.5344,73.8363,,
178,Central Mall,Nigdi,12,low,10% cachback,18.5344,73.8363,,
179,Central Mall,Nigdi,13,mid,5% off,18.5344,73.8363,,
180,Central Mall,Nigdi,14,low,5% off,18.5344,73.8363,,
181,Central Mall,Nigdi,15,high,10% off,18.5344,73.8363,,
182,Central Mall,Nigdi,16,low,8% off,18.5344,73.8363,,
183,Central Mall,Nigdi,17,mid,10% cachback on payment above 2000,18.5344,73.8363,,
184,Central Mall,Nigdi,18,high,10% off,18.5344,73.8363,,
185,Central Mall,Nigdi,19,high,Buy 2 Get One Free,18.5344,73.8363,,
186,Central Mall,Nigdi,20,high,Rs 100 off,18.5344,73.8363,,
187,Central Mall,Nigdi,21,low,Buy One Get One Free,18.5344,73.8363,,
188,Central Mall,Nigdi,22,mid,5% off,18.5344,73.8363,,
189,Central Mall,Nigdi,23,high,5% off,18.5344,73.8363,,
190,Central Mall,Nigdi,24,low,25% off,18.5344,73.8363,,
191,Central Mall,Nigdi,25,mid,12% off,18.5344,73.8363,,
192,Central Mall,Pimpri,1,mid,Flat 1000 off on 5000 shopping,18.5344,73.8363,,
193,Central Mall,Pimpri,2,mid,15% off,18.5344,73.8363,,
194,Central Mall,Pimpri,3,mid,10% off,18.5344,73.8363,,
195,Central Mall,Pimpri,4,low,Flat 500 off on 2000 shopping,18.5344,73.8363,,
196,Central Mall,Pimpri,5,high,Flat 500 off on 2000 shopping,18.5344,73.8363,,
197,Central Mall,Pimpri,6,mid,5 % off,18.5344,73.8363,,
198,Central Mall,Pimpri,7,low,15% off,18.5344,73.8363,,
199,Central Mall,Pimpri,8,high,20% off,18.5344,73.8363,,
200,Central Mall,Pimpri,9,low,10% off,18.5344,73.8363,,
201,Central Mall,Pimpri,10,mid,FLAT 20% off on all purchases above Rs 1000,18.5344,73.8363,,
202,Central Mall,Pimpri,11,high,25% off,18.5344,73.8363,,
203,Central Mall,Pimpri,12,low,10% cachback,18.5344,73.8363,,
204,Central Mall,Pimpri,13,mid,5% off,18.5344,73.8363,,
205,Central Mall,Pimpri,14,low,5% off,18.5344,73.8363,,
206,Central Mall,Pimpri,15,high,10% off,18.5344,73.8363,,
207,Central Mall,Pimpri,16,low,8% off,18.5344,73.8363,,
208,Central Mall,Pimpri,17,mid,10% cachback on payment above 2000,18.5344,73.8363,,
209,Central Mall,Pimpri,18,high,10% off,18.5344,73.8363,,
210,Central Mall,Pimpri,19,high,Buy 2 Get One Free,18.5344,73.8363,,
211,Central Mall,Pimpri,20,high,Rs 100 off,18.5344,73.8363,,
212,Central Mall,Pimpri,21,low,Buy One Get One Free,18.5344,73.8363,,
213,Central Mall,Pimpri,22,mid,5% off,18.5344,73.8363,,
214,Central Mall,Pimpri,23,high,5% off,18.5344,73.8363,,
215,Central Mall,Pimpri,24,low,25% off,18.5344,73.8363,,
216,Central Mall,Pimpri,25,mid,12% off,18.5344,73.8363,,
217,Central Mall,ShivajiNagar,1,mid,Flat 1000 off on 5000 shopping,18.5344,73.8363,,
218,Central Mall,ShivajiNagar,2,mid,15% off,18.5344,73.8363,,
219,Central Mall,ShivajiNagar,3,mid,10% off,18.5344,73.8363,,
220,Central Mall,ShivajiNagar,4,low,Flat 500 off on 2000 shopping,18.5344,73.8363,,
221,Central Mall,ShivajiNagar,5,high,Flat 500 off on 2000 shopping,18.5344,73.8363,,
222,Central Mall,ShivajiNagar,6,mid,5 % off,18.5344,73.8363,,
223,Central Mall,ShivajiNagar,7,low,15% off,18.5344,73.8363,,
224,Central Mall,ShivajiNagar,8,high,20% off,18.5344,73.8363,,
225,Central Mall,ShivajiNagar,9,low,10% off,18.5344,73.8363,,
226,Central Mall,ShivajiNagar,10,mid,FLAT 20% off on all purchases above Rs 1000,18.5344,73.8363,,
227,Central Mall,ShivajiNagar,11,high,25% off,18.5344,73.8363,,
228,Central Mall,ShivajiNagar,12,low,10% cachback,18.5344,73.8363,,
229,Central Mall,ShivajiNagar,13,mid,5% off,18.5344,73.8363,,
230,Central Mall,ShivajiNagar,14,low,5% off,18.5344,73.8363,,
231,Central Mall,ShivajiNagar,15,high,10% off,18.5344,73.8363,,
232,Central Mall,ShivajiNagar,16,low,8% off,18.5344,73.8363,,
233,Central Mall,ShivajiNagar,17,mid,10% cachback on payment above 2000,18.5344,73.8363,,
234,Central Mall,ShivajiNagar,18,high,10% off,18.5344,73.8363,,
235,Central Mall,ShivajiNagar,19,high,Buy 2 Get One Free,18.5344,73.8363,,
236,Central Mall,ShivajiNagar,20,high,Rs 100 off,18.5344,73.8363,,
237,Central Mall,ShivajiNagar,21,low,Buy One Get One Free,18.5344,73.8363,,
238,Central Mall,ShivajiNagar,22,mid,5% off,18.5344,73.8363,,
239,Central Mall,ShivajiNagar,23,high,5% off,18.5344,73.8363,,
240,Central Mall,ShivajiNagar,24,low,12% off,18.5344,73.8363,,
241,Central Mall,ShivajiNagar,25,mid,12% off,18.5344,73.8363,,
242,Central Mall,Wakad,1,mid,Flat 1000 off on 5000 shopping,18.5344,73.8363,,
243,Central Mall,Wakad,2,mid,15% off,18.5344,73.8363,,
244,Central Mall,Wakad,3,mid,10% off,18.5344,73.8363,,
245,Central Mall,Wakad,4,low,Flat 500 off on 2000 shopping,18.5344,73.8363,,
246,Central Mall,Wakad,5,high,Flat 500 off on 2000 shopping,18.5344,73.8363,,
247,Central Mall,Wakad,6,mid,5 % off,18.5344,73.8363,,
248,Central Mall,Wakad,7,low,15% off,18.5344,73.8363,,
249,Central Mall,Wakad,8,high,20% off,18.5344,73.8363,,
250,Central Mall,Wakad,9,low,10% off,18.5344,73.8363,,
251,Central Mall,Wakad,10,mid,FLAT 20% off on all purchases above Rs 1000,18.5344,73.8363,,
252,Central Mall,Wakad,11,high,25% off,18.5344,73.8363,,
253,Central Mall,Wakad,12,low,10% cachback,18.5344,73.8363,,
254,Central Mall,Wakad,13,mid,5% off,18.5344,73.8363,,
255,Central Mall,Wakad,14,low,5% off,18.5344,73.8363,,
256,Central Mall,Wakad,15,high,10% off,18.5344,73.8363,,
257,Central Mall,Wakad,16,low,8% off,18.5344,73.8363,,
258,Central Mall,Wakad,17,mid,10% cachback on payment above 2000,18.5344,73.8363,,
259,Central Mall,Wakad,18,high,10% off,18.5344,73.8363,,
260,Central Mall,Wakad,19,high,Buy 2 Get One Free,18.5344,73.8363,,
261,Central Mall,Wakad,20,high,Rs 100 off,18.5344,73.8363,,
262,Central Mall,Wakad,21,low,Buy One Get One Free,18.5344,73.8363,,
263,Central Mall,Wakad,22,mid,5% off,18.5344,73.8363,,
264,Central Mall,Wakad,23,high,5% off,18.5344,73.8363,,
265,Central Mall,Wakad,24,low,12% off,18.5344,73.8363,,
266,Central Mall,Wakad,25,mid,12% off,18.5344,73.8363,,
267,Dmart,Kothrud,1,mid,free 2 vouchers,18.5781,73.7261,,
268,Dmart,Kothrud,2,mid,Buy One Get One,18.5781,73.7261,,
269,Dmart,Kothrud,3,low,Buy one & get 10% off on Second,18.5781,73.7261,,
270,Dmart,Kothrud,4,mid,25% off,18.5781,73.7261,,
271,Dmart,Kothrud,5,high,12% off,18.5781,73.7261,,
272,Dmart,Kothrud,6,mid,Buy One Get One,18.5781,73.7261,,
273,Dmart,Kothrud,7,high,upto 40% off,18.5781,73.7261,,
274,Dmart,Kothrud,8,high,20% off,18.5781,73.7261,,
275,Dmart,Kothrud,9,low,10% off,18.5781,73.7261,,
276,Dmart,Kothrud,10,mid,FLAT 20% off on all purchases above Rs 1000,18.5781,73.7261,,
277,Dmart,Kothrud,11,high,25% off,18.5781,73.7261,,
278,Dmart,Kothrud,12,low,10% cachback,18.5781,73.7261,,
279,Dmart,Kothrud,13,mid,5% off,18.5781,73.7261,,
280,Dmart,Kothrud,14,low,5% off,18.5781,73.7261,,
281,Dmart,Kothrud,15,high,10% off,18.5781,73.7261,,
282,Dmart,Kothrud,16,low,8% off,18.5781,73.7261,,
283,Dmart,Kothrud,17,mid,10% cachback on payment above 2000,18.5781,73.7261,,
284,Dmart,Kothrud,18,high,10% off,18.5781,73.7261,,
285,Dmart,Kothrud,19,high,Buy 2 Get One Free,18.5781,73.7261,,
286,Dmart,Kothrud,20,high,Rs 100 off,18.5781,73.7261,,
287,Dmart,Kothrud,21,low,Buy One Get One Free,18.5781,73.7261,,
288,Dmart,Kothrud,22,mid,5% off,18.5781,73.7261,,
289,Dmart,Kothrud,23,high,5% off,18.5781,73.7261,,
290,Dmart,Kothrud,24,low,12% off,18.5781,73.7261,,
291,Dmart,Kothrud,25,mid,12% off,18.5781,73.7261,,
292,Dmart,Nigdi,1,low,Buy one & get 50% off on Second,18.6471,73.7559,,
293,Dmart,Nigdi,2,high,upto 70% off,18.6471,73.7559,,
294,Dmart,Nigdi,3,high,Buy two Get One,18.6471,73.7559,,
295,Dmart,Nigdi,4,high,25% off,18.6471,73.7559,,
296,Dmart,Nigdi,5,low,upto 25% off,18.6471,73.7559,,
297,Dmart,Nigdi,6,high,10% off,18.6471,73.7559,,
298,Dmart,Nigdi,7,low,upto 45%off,18.6471,73.7559,,
299,Dmart,Nigdi,8,high,Buy two Get One for birthday  people,18.6471,73.7559,,
300,Dmart,Nigdi,1,mid,free 2 vouchers,18.6471,73.7559,,
301,Dmart,Nigdi,2,mid,Buy One Get One,18.6471,73.7559,,
302,Dmart,Nigdi,3,low,Buy one & get 10% off on Second,18.6471,73.7559,,
303,Dmart,Nigdi,4,mid,25% off,18.6471,73.7559,,
304,Dmart,Nigdi,5,high,12% off,18.6471,73.7559,,
305,Dmart,Nigdi,6,mid,Buy One Get One,18.6471,73.7559,,
306,Dmart,Nigdi,7,high,upto 40% off,18.6471,73.7559,,
307,Dmart,Nigdi,8,high,20% off,18.6471,73.7559,,
308,Dmart,Nigdi,9,low,10% off,18.6471,73.7559,,
309,Dmart,Nigdi,10,mid,FLAT 20% off on all purchases above Rs 1000,18.6471,73.7559,,
310,Dmart,Nigdi,11,high,25% off,18.6471,73.7559,,
311,Dmart,Nigdi,12,low,10% cachback,18.6471,73.7559,,
312,Dmart,Nigdi,13,mid,5% off,18.6471,73.7559,,
313,Dmart,Nigdi,14,low,5% off,18.6471,73.7559,,
314,Dmart,Nigdi,15,high,10% off,18.6471,73.7559,,
315,Dmart,Nigdi,16,low,8% off,18.6471,73.7559,,
316,Dmart,Nigdi,17,mid,10% cachback on payment above 2000,18.6471,73.7559,,
317,Dmart,Nigdi,18,high,10% off,18.6471,73.7559,,
318,Dmart,Nigdi,19,high,Buy 2 Get One Free,18.6471,73.7559,,
319,Dmart,Nigdi,20,high,Rs 100 off,18.6471,73.7559,,
320,Dmart,Nigdi,21,low,Buy One Get One Free,18.6471,73.7559,,
321,Dmart,Nigdi,22,mid,5% off,18.6471,73.7559,,
322,Dmart,Nigdi,23,high,5% off,18.6471,73.7559,,
323,Dmart,Nigdi,24,low,12% off,18.6471,73.7559,,
324,Dmart,Nigdi,25,mid,15% off,18.6471,73.7559,,
325,Dmart,Pimpri,1,mid,free 2 vouchers,18.6471,73.7559,,
326,Dmart,Pimpri,2,mid,Buy One Get One,18.6471,73.7559,,
327,Dmart,Pimpri,3,low,Buy one & get 10% off on Second,18.6471,73.7559,,
328,Dmart,Pimpri,4,mid,25% off,18.6471,73.7559,,
329,Dmart,Pimpri,5,high,12% off,18.6471,73.7559,,
330,Dmart,Pimpri,6,mid,Buy One Get One,18.6471,73.7559,,
331,Dmart,Pimpri,7,high,upto 40% off,18.6471,73.7559,,
332,Dmart,Pimpri,8,high,20% off,18.6471,73.7559,,
333,Dmart,Pimpri,9,low,10% off,18.6471,73.7559,,
334,Dmart,Pimpri,10,mid,FLAT 20% off on all purchases above Rs 1000,18.6471,73.7559,,
335,Dmart,Pimpri,11,high,25% off,18.6471,73.7559,,
336,Dmart,Pimpri,12,low,10% cachback,18.6471,73.7559,,
337,Dmart,Pimpri,13,mid,5% off,18.6471,73.7559,,
338,Dmart,Pimpri,14,low,5% off,18.6471,73.7559,,
339,Dmart,Pimpri,15,high,10% off,18.6471,73.7559,,
340,Dmart,Pimpri,16,low,8% off,18.6471,73.7559,,
341,Dmart,Pimpri,17,mid,10% cachback on payment above 2000,18.6471,73.7559,,
342,Dmart,Pimpri,18,high,10% off,18.6471,73.7559,,
343,Dmart,Pimpri,19,high,Buy 2 Get One Free,18.6471,73.7559,,
344,Dmart,Pimpri,20,high,Rs 100 off,18.6471,73.7559,,
345,Dmart,Pimpri,21,low,Buy One Get One Free,18.6471,73.7559,,
346,Dmart,Pimpri,22,mid,5% off,18.6471,73.7559,,
347,Dmart,Pimpri,23,high,5% off,18.6471,73.7559,,
348,Dmart,Pimpri,24,low,12% off,18.6471,73.7559,,
349,Dmart,Pimpri,25,mid,15% off,18.6471,73.7559,,
350,Dmart,ShivajiNagar,1,high,10% off,18.5308,73.8475,,
351,Dmart,ShivajiNagar,2,mid,40% off,18.5308,73.8475,,
352,Dmart,ShivajiNagar,3,mid,Buy One Get One,18.5308,73.8475,,
353,Dmart,ShivajiNagar,4,high,upto 60% off,18.5308,73.8475,,
354,Dmart,ShivajiNagar,5,high,upto 20% off,18.5308,73.8475,,
355,Dmart,ShivajiNagar,6,high,10% Off,18.5308,73.8475,,
356,Dmart,ShivajiNagar,7,mid,free 8 voucher,18.5308,73.8475,,
357,Dmart,ShivajiNagar,8,mid,10% off for birthday people,18.5308,73.8475,,
358,Dmart,ShivajiNagar,8,high,20% off,18.5308,73.8475,,
359,Dmart,ShivajiNagar,9,low,10% off,18.5308,73.8475,,
360,Dmart,ShivajiNagar,10,mid,FLAT 20% off on all purchases above Rs 2500,18.5308,73.8475,,
361,Dmart,ShivajiNagar,11,high,25% off,18.5308,73.8475,,
362,Dmart,ShivajiNagar,12,low,10% cachback on CITI credit card,18.5308,73.8475,,
363,Dmart,ShivajiNagar,13,mid,5% off,18.5308,73.8475,,
364,Dmart,ShivajiNagar,14,low,5% off,18.5308,73.8475,,
365,Dmart,ShivajiNagar,15,high,10% off,18.5308,73.8475,,
366,Dmart,ShivajiNagar,16,low,8% off,18.5308,73.8475,,
367,Dmart,ShivajiNagar,17,mid,10% cachback on payment above 5000,18.5308,73.8475,,
368,Dmart,ShivajiNagar,18,high,10% off,18.5308,73.8475,,
369,Dmart,ShivajiNagar,19,high,Buy 2 Get One Free,18.5308,73.8475,,
370,Dmart,ShivajiNagar,20,high,Rs 100 off,18.5308,73.8475,,
371,Dmart,ShivajiNagar,21,low,Buy One Get One Free,18.5308,73.8475,,
372,Dmart,ShivajiNagar,22,mid,5% off,18.5308,73.8475,,
373,Dmart,ShivajiNagar,23,high,5% off,18.5308,73.8475,,
374,Dmart,ShivajiNagar,24,low,25% off,18.5308,73.8475,,
375,Dmart,ShivajiNagar,25,mid,12% off,18.5308,73.8475,,
376,Dmart,Wakad,1,mid,free 2 vouchers,18.5308,73.8475,,
377,Dmart,Wakad,2,mid,Buy One Get One,18.5308,73.8475,,
378,Dmart,Wakad,3,low,Buy one & get 10% off on Second,18.5308,73.8475,,
379,Dmart,Wakad,4,mid,25% off,18.5308,73.8475,,
380,Dmart,Wakad,5,high,12% off,18.5308,73.8475,,
381,Dmart,Wakad,6,mid,Buy One Get One,18.5308,73.8475,,
382,Dmart,Wakad,7,high,upto 40% off,18.5308,73.8475,,
383,Dmart,Wakad,8,high,20% off,18.5308,73.8475,,
384,Dmart,Wakad,9,low,10% off,18.5308,73.8475,,
385,Dmart,Wakad,10,mid,FLAT 20% off on all purchases above Rs 1000,18.5308,73.8475,,
386,Dmart,Wakad,11,high,25% off,18.5308,73.8475,,
387,Dmart,Wakad,12,low,10% cachback,18.5308,73.8475,,
388,Dmart,Wakad,13,mid,5% off,18.5308,73.8475,,
389,Dmart,Wakad,14,low,5% off,18.5308,73.8475,,
390,Dmart,Wakad,15,high,10% off,18.5308,73.8475,,
391,Dmart,Wakad,16,low,8% off,18.5308,73.8475,,
392,Dmart,Wakad,17,mid,10% cachback on payment above 2000,18.5308,73.8475,,
393,Dmart,Wakad,18,high,10% off,18.5308,73.8475,,
394,Dmart,Wakad,19,high,Buy 2 Get One Free,18.5308,73.8475,,
395,Dmart,Wakad,20,high,Rs 100 off,18.5308,73.8475,,
396,Dmart,Wakad,21,low,Buy One Get One Free,18.5308,73.8475,,
397,Dmart,Wakad,22,mid,5% off,18.5308,73.8475,,
398,Dmart,Wakad,23,high,5% off,18.5308,73.8475,,
399,Dmart,Wakad,24,low,12% off,18.5308,73.8475,,
400,Dmart,Wakad,25,mid,15% off,18.5308,73.8475,,
401,Home Decore,Pimpri,7,mid,Buy one & get 50% off on Second,18.6498,73.7997,,
402,Jayhind,Kothrud,2,high,upto 60% off,18.5274,73.8477,,
403,Jayhind,Kothrud,2,low,Buy one & get 25% off on Second,18.5274,73.8477,,
404,Jayhind,Kothrud,2,mid,Buy one & get 35% off on Second,18.5274,73.8477,,
405,Jayhind,Nigdi,2,low,Buy one & get 25% off on Second,18.5274,73.8477,,
406,Jayhind,Nigdi,2,mid,Buy one & get 35% off on Second,18.5274,73.8477,,
407,Jayhind,Nigdi,2,high,Buy two & get 25% off on Second,18.5274,73.8477,,
408,Jayhind,Pimpri,2,low,Buy One Get One,18.6218,73.7917,,
409,Jayhind,Pimpri,2,mid,Buy one & get 35% off on Second,18.6218,73.7917,,
410,Jayhind,Pimpri,2,high,Buy two & get 25% off on Second,18.6218,73.7917,,
411,Jayhind,ShivajiNagar,2,low,Buy one & get 50% off on Second,18.5299,73.8399,,
412,Jayhind,Shivajinagar,2,mid,Buy one & get 35% off on Second,18.5299,73.8399,,
413,Jayhind,Shivajinagar,2,high,Buy two & get 25% off on Second,18.5299,73.8399,,
414,Jayhind,Wakad,2,low,Buy one & get 25% off on Second,18.5299,73.8399,,
415,Jayhind,wakad,2,mid,Buy one & get 35% off on Second,18.5299,73.8399,,
416,Jayhind,wakad,2,high,Buy two & get 25% off on Second,18.5299,73.8399,,
417,KidGames,Kothrud,4,low,Buy One and 5% off on second,18.5299,73.8399,,
418,KidGames,Kothrud,4,mid,Buy One and 10% off on second,18.5299,73.8399,,
419,KidGames,Kothrud,4,high,Buy One and Get One free worth Rs 201,18.5299,73.8399,,
420,KidGames,Nigdi,4,low,Buy One and 5% off on second,18.5299,73.8399,,
421,KidGames,Nigdi,4,mid,Buy One and 10% off on second,18.5299,73.8399,,
422,KidGames,Nigdi,4,high,Buy One and Get One free worth Rs 202,18.5299,73.8399,,
423,KidGames,Pimpri,4,low,25% off,18.6598,73.7981,,
424,KidGames,Pimpri,4,mid,Buy One and 10% off on second,18.6598,73.7981,,
425,KidGames,Pimpri,4,high,Buy One and Get One free worth Rs 204,18.6598,73.7981,,
426,KidGames,Shivajinagar,4,low,Buy One and 5% off on second,18.6598,73.7981,,
427,KidGames,Shivajinagar,4,mid,Buy One and 10% off on second,18.6598,73.7981,,
428,KidGames,Shivajinagar,4,high,Buy One and Get One free worth Rs 200,18.6598,73.7981,,
429,KidGames,Wakad,4,low,Buy One and 5% off on second,18.6598,73.7981,,
430,KidGames,Wakad,4,mid,Buy One and 10% off on second,18.6598,73.7981,,
431,KidGames,Wakad,4,high,Buy One and Get One free worth Rs 203,18.6598,73.7981,,
432,LG,Kothrud,1,low,15% off on Rs 20000 shopping,18.50264,73.7949,,
433,LG,Kothrud,1,mid,20% off on Rs 20000 shopping,18.50264,73.7949,,
434,LG,Kothrud,1,high,25% off on Rs 20000 shopping,18.50264,73.7949,,
435,LG,Nigdi,1,low,15% off on Rs 20000 shopping,18.50264,73.7949,,
436,LG,Nigdi,1,mid,20% off on Rs 20000 shopping,18.50264,73.7949,,
437,LG,Nigdi,1,high,20% off on Rs 20000 shopping,18.50264,73.7949,,
438,LG,Pimpri,1,low,15% off on Rs 20000 shopping,18.50264,73.7949,,
439,LG,Pimpri,1,mid,20% off on Rs 20000 shopping,18.50264,73.7949,,
440,LG,Pimpri,1,high,20% off on Rs 20000 shopping,18.50264,73.7949,,
441,LG,ShivajiNagar,1,high,Flat 1000 off,18.50264,73.7949,,
442,LG,Shivajinagar,1,low,15% off on Rs 20000 shopping,18.50264,73.7949,,
443,LG,Shivajinagar,1,mid,20% off on Rs 20000 shopping,18.50264,73.7949,,
444,LG,Shivajinagar,1,high,20% off on Rs 20000 shopping,18.50264,73.7949,,
445,LG,Wakad,1,low,15% off on Rs 20000 shopping,18.50264,73.7949,,
446,LG,Wakad,1,mid,20% off on Rs 20000 shopping,18.50264,73.7949,,
447,LG,Wakad,1,high,20% off on Rs 20000 shopping,18.50264,73.7949,,
448,Mega Mart,Kothrud,2,high,10% off,18.5556,73.78218,,
449,Mega Mart,Nigdi,2,high,15% off,18.5555,73.78218,,
450,Mega Mart,Pimpri,2,high,10% off,18.5555,73.78218,,
451,Mega Mart,ShivajiNagar,1,high,10% off,18.5555,73.78218,,
452,Mega Mart,Wakad,2,high,10% off,18.5555,73.78218,,
453,Navneet,Pimpri,6,mid,10% off,18.6298,73.7997,,
454,Radhika,Pimpri,1,mid,upto 50% off,18.6298,73.7597,,
455,Reliacnce Mart,Kothrud,1,high,Up to 15% off,18.507162,73.82037,,
456,Reliacnce Mart,Kothrud,2,mid,30% off,18.507162,73.82037,,
457,Reliacnce Mart,Kothrud,3,mid,Buy Two Get One Cupon,18.507162,73.82037,,
458,Reliacnce Mart,Kothrud,4,high,upto 50% off,18.507162,73.82037,,
459,Reliacnce Mart,Kothrud,5,high,upto 10% off,18.507162,73.82037,,
460,Reliacnce Mart,Kothrud,6,high,5% Off on 5 dozen quantity,18.507162,73.82037,,
461,Reliacnce Mart,Kothrud,7,mid,free 1 voucher,18.507162,73.82037,,
462,Reliacnce Mart,Kothrud,8,high,3% Discocount ,18.507162,73.82037,,
463,Reliacnce Mart,Kothrud,9,mid,Flat 7 % off,18.507162,73.82037,,
464,Reliacnce Mart,Kothrud,10,high,10% off,18.507162,73.82037,,
465,Reliacnce Mart,Kothrud,11,low,Buy One Get Two,18.507162,73.82037,,
466,Reliacnce Mart,Kothrud,12,mid,8 % off,18.507162,73.82037,,
467,Reliacnce Mart,Kothrud,13,high,free 2 voucher,18.507162,73.82037,,
468,Reliacnce Mart,Kothrud,14,low,5 % off,18.507162,73.82037,,
469,Reliacnce Mart,Kothrud,15,mid,100 Rs CashBack,18.507162,73.82037,,
470,Reliacnce Mart,Kothrud,16,high,Flat 700 off on 3000 shopping,18.507162,73.82037,,
471,Reliacnce Mart,Kothrud,17,mid,500 Rs CashBack,18.507162,73.82037,,
472,Reliacnce Mart,Kothrud,18,high,Flat 70 off on 500 shopping,18.507162,73.82037,,
473,Reliacnce Mart,Kothrud,19,low,flat 200 Rs off,18.507162,73.82037,,
474,Reliacnce Mart,Kothrud,20,high,Flat 75 off on 2000 shopping,18.507162,73.82037,,
475,Reliacnce Mart,Kothrud,21,mid,10% Discount,18.507162,73.82037,,
476,Reliacnce Mart,Kothrud,22,low,10 Rs Cashback,18.507162,73.82037,,
477,Reliacnce Mart,Kothrud,23,high,50 off on 5 print,18.507162,73.82037,,
478,Reliacnce Mart,Kothrud,24,low,Flat 100 off on 1000 shopping,18.507162,73.82037,,
479,Reliacnce Mart,Kothrud,25,high,Buy One Get One,18.507162,73.82037,,
480,Reliacnce Mart,Nigdi,1,high,upto 10% off,18.59688,73.7892,,
481,Reliacnce Mart,Nigdi,2,mid,upto 40% off,18.59688,73.7892,,
482,Reliacnce Mart,Nigdi,3,mid,Buy One Get One,18.59688,73.7892,,
483,Reliacnce Mart,Nigdi,4,high,upto 30% off,18.59688,73.7892,,Pimple Saudagar
484,Reliacnce Mart,Nigdi,5,high,upto 30% off,18.59688,73.7892,,
485,Reliacnce Mart,Nigdi,6,high,5% Off,18.59688,73.7892,,
486,Reliacnce Mart,Nigdi,7,mid,free 3 voucher,18.59688,73.7892,,
487,Reliacnce Mart,Nigdi,8,high,10% Discocount ,18.59688,73.7892,,
488,Reliacnce Mart,Nigdi,9,mid,Flat 7% off,18.59688,73.7892,,
489,Reliacnce Mart,Nigdi,10,high,12% off,18.59688,73.7892,,
490,Reliacnce Mart,Nigdi,11,low,Buy Three Get One,18.59688,73.7892,,
491,Reliacnce Mart,Nigdi,12,mid,1% off on making charges,18.59688,73.7892,,
492,Reliacnce Mart,Nigdi,13,high,free 2 voucher,18.59688,73.7892,,
493,Reliacnce Mart,Nigdi,14,low,7 % off,18.59688,73.7892,,
494,Reliacnce Mart,Nigdi,15,mid,200 Rs CashBack,18.59688,73.7892,,
495,Reliacnce Mart,Nigdi,16,high,Flat 100 off on 1000 shopping,18.59688,73.7892,,
496,Reliacnce Mart,Nigdi,17,mid,200 Rs CashBack,18.59688,73.7892,,
497,Reliacnce Mart,Nigdi,18,high,Flat 75 off on 800 shopping,18.59688,73.7892,,
498,Reliacnce Mart,Nigdi,19,low,Buy three and get penDrive free,18.59688,73.7892,,
499,Reliacnce Mart,Nigdi,20,high,Flat 20 % off on 1000 shopping,18.59688,73.7892,,
500,Reliacnce Mart,Nigdi,21,mid,upto 8% Discount,18.59688,73.7892,,
501,Reliacnce Mart,Nigdi,22,low,2% Discount,18.59688,73.7892,,
502,Reliacnce Mart,Nigdi,23,high,25 Rs off on 10 print,18.59688,73.7892,,
503,Reliacnce Mart,Nigdi,24,low,Flat 100 off on 500 shopping,18.59688,73.7892,,
504,Reliacnce Mart,Nigdi,25,high,one Music CD free,18.59688,73.7892,,
505,Reliacnce Mart,Pimpri,1,high,Flat 1000 off,18.5635,73.80497,,
506,Reliacnce Mart,Pimpri,2,mid,Buy one & get 50% off on Second,18.5635,73.80497,,Aundh
507,Reliacnce Mart,Pimpri,3,low,Flat 200 off,18.5635,73.80497,,
508,Reliacnce Mart,Pimpri,4,mid,Flat 300 off,18.5635,73.80497,,
509,Reliacnce Mart,Pimpri,5,mid,upto 35% off,18.5635,73.80497,,
510,Reliacnce Mart,Pimpri,6,low,Buy One Get One,18.5635,73.80497,,
511,Reliacnce Mart,Pimpri,7,high,Buy one & get 50% off on Second,18.5635,73.80497,,
512,Reliacnce Mart,Pimpri,1,high,up to 10 % off,18.5635,73.80497,,
513,Reliacnce Mart,Pimpri,2,mid,30 % off,18.5635,73.80497,,
514,Reliacnce Mart,Pimpri,3,mid,upto 30% off,18.5635,73.80497,,
515,Reliacnce Mart,Pimpri,4,high,upto 50% off,18.5635,73.80497,,
516,Reliacnce Mart,Pimpri,5,high,upto 8% off,18.5635,73.80497,,
517,Reliacnce Mart,Pimpri,6,high,5% Off,18.5635,73.80497,,
518,Reliacnce Mart,Pimpri,7,mid,free 5 voucher,18.5635,73.80497,,
519,Reliacnce Mart,Pimpri,8,high,5% Discocount ,18.5635,73.80497,,
520,Reliacnce Mart,Pimpri,9,mid,Flat 5 % off,18.5635,73.80497,,
521,Reliacnce Mart,Pimpri,10,high,up to 30 % off,18.5635,73.80497,,
522,Reliacnce Mart,Pimpri,11,low,Buy Two Get One,18.5635,73.80497,,
523,Reliacnce Mart,Pimpri,12,mid,making charges free,18.5635,73.80497,,
524,Reliacnce Mart,Pimpri,13,high,free 1 voucher,18.5635,73.80497,,
525,Reliacnce Mart,Pimpri,14,low,3 % off,18.5635,73.80497,,
526,Reliacnce Mart,Pimpri,15,mid,300 Rs CashBack,18.5635,73.80497,,
527,Reliacnce Mart,Pimpri,16,high,Flat 400 off on 3000 shopping,18.5635,73.80497,,
528,Reliacnce Mart,Pimpri,17,mid,100 Rs CashBack,18.5635,73.80497,,
529,Reliacnce Mart,Pimpri,18,high,Flat 25 %off on 1500 shopping,18.5635,73.80497,,
530,Reliacnce Mart,Pimpri,19,low,flat 100 Rs off,18.5635,73.80497,,
531,Reliacnce Mart,Pimpri,20,high,Flat 80 off on 2000 shopping,18.5635,73.80497,,
532,Reliacnce Mart,Pimpri,21,mid,12 % Discount,18.5635,73.80497,,
533,Reliacnce Mart,Pimpri,22,low,5 Rs Cashback,18.5635,73.80497,,
534,Reliacnce Mart,Pimpri,23,high,1 print free on 10 prints,18.5635,73.80497,,
535,Reliacnce Mart,Pimpri,24,low,Flat 10 % off on 1000 shopping,18.5635,73.80497,,
536,Reliacnce Mart,Pimpri,25,high,10% off upto 1000 shopping,18.5635,73.80497,,
537,Reliacnce Mart,ShivajiNagar,1,high,10% off,18.5635,73.80497,,
538,Reliacnce Mart,ShivajiNagar,2,mid,40% off,18.5635,73.80497,,
539,Reliacnce Mart,ShivajiNagar,3,mid,Buy One Get One,18.5635,73.80497,,
540,Reliacnce Mart,ShivajiNagar,4,high,upto 60% off,18.5635,73.80497,,
541,Reliacnce Mart,ShivajiNagar,5,high,upto 20% off,18.5635,73.80497,,
542,Reliacnce Mart,ShivajiNagar,6,high,10% Off,18.5635,73.80497,,
543,Reliacnce Mart,ShivajiNagar,7,mid,free 8 voucher,18.5635,73.80497,,
544,Reliacnce Mart,ShivajiNagar,8,high,10% Discocount ,18.5635,73.80497,,
545,Reliacnce Mart,ShivajiNagar,9,mid,Flat 7 % off,18.5635,73.80497,,
546,Reliacnce Mart,ShivajiNagar,10,high,10% off,18.5635,73.80497,,
547,Reliacnce Mart,ShivajiNagar,11,low,Buy One Get Two,18.5635,73.80497,,
548,Reliacnce Mart,ShivajiNagar,12,mid,8 % off,18.5635,73.80497,,
549,Reliacnce Mart,ShivajiNagar,13,high,free 2 voucher,18.5635,73.80497,,
550,Reliacnce Mart,ShivajiNagar,14,low,5 % off,18.5635,73.80497,,
551,Reliacnce Mart,ShivajiNagar,15,mid,100 Rs CashBack,18.5635,73.80497,,
552,Reliacnce Mart,ShivajiNagar,16,high,Flat 700 off on 3000 shopping,18.5635,73.80497,,
553,Reliacnce Mart,ShivajiNagar,17,mid,500 Rs CashBack,18.5635,73.80497,,
554,Reliacnce Mart,ShivajiNagar,18,high,Flat 70 off on 500 shopping,18.5635,73.80497,,
555,Reliacnce Mart,ShivajiNagar,19,low,flat 200 Rs off,18.5635,73.80497,,
556,Reliacnce Mart,ShivajiNagar,20,high,Flat 75 off on 2000 shopping,18.5635,73.80497,,
557,Reliacnce Mart,ShivajiNagar,21,mid,10% Discount,18.5635,73.80497,,
558,Reliacnce Mart,ShivajiNagar,22,low,10 Rs Cashback,18.5635,73.80497,,
559,Reliacnce Mart,ShivajiNagar,23,high,50 off on 5 print,18.5635,73.80497,,
560,Reliacnce Mart,ShivajiNagar,24,low,Flat 100 off on 1000 shopping,18.5635,73.80497,,
561,Reliacnce Mart,ShivajiNagar,25,high,Buy One Get One,18.5635,73.80497,,
562,Reliacnce Mart,Wakad,1,mid,Flat 1000 off on 5000 shopping,18.5989,73.7653,,
563,Reliacnce Mart,Wakad,2,mid,15% off,18.5989,73.7653,,
564,Reliacnce Mart,Wakad,3,mid,10% off,18.5989,73.7653,,
565,Reliacnce Mart,Wakad,4,low,Flat 500 off on 2000 shopping,18.5989,73.7653,,
566,Reliacnce Mart,Wakad,5,high,Flat 500 off on 2000 shopping,18.5989,73.7653,,
567,Reliacnce Mart,Wakad,6,mid,5 % off,18.5989,73.7653,,
568,Reliacnce Mart,Wakad,7,low,15% off,18.5989,73.7653,,
569,Reliacnce Mart,Wakad,8,low,upto 35% off for birthday  people,18.5989,73.7653,,
570,Reliacnce Mart,Wakad,1,high,10% off,18.5989,73.7653,,
571,Reliacnce Mart,Wakad,2,mid,40% off,18.5989,73.7653,,
572,Reliacnce Mart,Wakad,3,mid,Buy One Get One,18.5989,73.7653,,
573,Reliacnce Mart,Wakad,4,high,upto 60% off,18.5989,73.7653,,
574,Reliacnce Mart,Wakad,5,high,upto 20% off,18.5989,73.7653,,
575,Reliacnce Mart,Wakad,6,high,10% Off,18.5989,73.7653,,
576,Reliacnce Mart,Wakad,7,mid,free 3 voucher,18.5989,73.7653,,
577,Reliacnce Mart,Wakad,8,high,10 % Discocount ,18.5989,73.7653,,
578,Reliacnce Mart,Wakad,9,mid,Flat 4% off,18.5989,73.7653,,
579,Reliacnce Mart,Wakad,10,high,10% off,18.5989,73.7653,,
580,Reliacnce Mart,Wakad,11,low,Buy One Get One,18.5989,73.7653,,
581,Reliacnce Mart,Wakad,12,mid,2% off,18.5989,73.7653,,
582,Reliacnce Mart,Wakad,13,high,free 1 voucher,18.5989,73.7653,,
583,Reliacnce Mart,Wakad,14,low,7% off,18.5989,73.7653,,
584,Reliacnce Mart,Wakad,15,mid,100 Rs CashBack,18.5989,73.7653,,
585,Reliacnce Mart,Wakad,16,high,Flat 400 off on 3000 shopping,18.5989,73.7653,,
586,Reliacnce Mart,Wakad,17,mid,200 Rs CashBack,18.5989,73.7653,,
587,Reliacnce Mart,Wakad,18,high,Flat 150 off on 1000 shopping,18.5989,73.7653,,
588,Reliacnce Mart,Wakad,19,low,Get Two Music CD free ,18.5989,73.7653,,
589,Reliacnce Mart,Wakad,20,high,Flat 20 off on 1000 shopping,18.5989,73.7653,,
590,Reliacnce Mart,Wakad,21,mid,8% Discount,18.5989,73.7653,,
591,Reliacnce Mart,Wakad,22,low,1.5 % Discount,18.5989,73.7653,,
592,Reliacnce Mart,Wakad,23,high,20 Rs off on 10 print,18.5989,73.7653,,
593,Reliacnce Mart,Wakad,24,low,Flat 200 off on 1000 shopping,18.5989,73.7653,,
594,Reliacnce Mart,Wakad,25,high,Buy Two Get One,18.5989,73.7653,,
595,Sakti Sports,Kothrud,5,low,10% off on Rs 2000 shopping,18.5088,73.8464,,
596,Sakti Sports,Kothrud,5,low,15% off on Rs 2000 shopping,18.5088,73.8464,,
597,Sakti Sports,Kothrud,5,high,20% off on Rs 2000 shopping,18.5088,73.8464,,
598,Sakti Sports,Nigdi,5,low,10% off on Rs 2000 shopping,18.5088,73.8464,,
599,Sakti Sports,Nigdi,5,low,15% off on Rs 2000 shopping,18.5088,73.8464,,
600,Sakti Sports,Nigdi,5,high,20% off on Rs 2000 shopping,18.5088,73.8464,,
601,Sakti Sports,Pimpri,5,mid,upto 70% off,18.5088,73.8464,,
602,Sakti Sports,Pimpri,5,low,10% off on Rs 2000 shopping,18.5088,73.8464,,
603,Sakti Sports,Pimpri,5,high,20% off on Rs 2000 shopping,18.5088,73.8464,,
604,Sakti Sports,Shivajinagar,5,low,10% off on Rs 2000 shopping,18.5088,73.8464,,
605,Sakti Sports,Shivajinagar,5,mid,15% off on Rs 2000 shopping,18.5088,73.8464,,
606,Sakti Sports,Shivajinagar,5,high,20% off on Rs 2000 shopping,18.5088,73.8464,,
607,Sakti Sports,Wakad,5,low,10% off on Rs 2000 shopping,18.5088,73.8464,,
608,Sakti Sports,Wakad,5,low,15% off on Rs 2000 shopping,18.5088,73.8464,,
609,Sakti Sports,Wakad,5,high,20% off on Rs 2000 shopping,18.5088,73.8464,,
610,vijaySales,Kothrud,1,low,10% off,18.510233,73.81605,,
611,vijaySales,Kothrud,1,mid,15% off,18.510233,73.81605,,
612,vijaySales,Kothrud,1,high,20% off,18.510233,73.81605,,
613,vijaySales,Kothrud,8,low,10% off,18.510233,73.81605,,
614,vijaySales,Kothrud,8,mid,15% off,18.510233,73.81605,,
615,vijaySales,Kothrud,8,high,20% off,18.510233,73.81605,,
616,vijaySales,Nigdi,1,low,10% off,18.510233,73.81605,,
617,vijaySales,Nigdi,1,mid,15% off,18.510233,73.81605,,
618,vijaySales,Nigdi,1,high,20% off,18.510233,73.81605,,
619,vijaySales,Nigdi,8,low,10% off,18.510233,73.81605,,Kothrud
620,vijaySales,Nigdi,8,mid,15% off,18.510233,73.81605,,
621,vijaySales,Nigdi,8,high,20% off,18.510233,73.81605,,
622,vijaySales,Pimpri,1,low,10% off,18.59411,73.762,,
623,vijaySales,Pimpri,1,mid,15% off,18.59411,73.762,,
624,vijaySales,Pimpri,1,high,20% off,18.59411,73.762,,
625,vijaySales,Pimpri,8,high,20% off,18.59411,73.762,,
626,vijaySales,Shivajinagar,1,low,10% off,18.594101,73.762,,
627,vijaySales,Shivajinagar,1,mid,15% off,18.594101,73.762,,
628,vijaySales,Shivajinagar,1,high,20% off,18.594101,73.762,,
629,vijaySales,Shivajinagar,8,low,10% off,18.594101,73.762,,Baner
630,vijaySales,Shivajinagar,8,mid,15% off,18.594101,73.762,,
631,vijaySales,Shivajinagar,8,high,20% off,18.594101,73.762,,
632,vijaySales,wakad,1,low,10% off,18.59409,73.762,,
633,vijaySales,wakad,1,mid,15% off,18.59409,73.762,,
634,vijaySales,wakad,1,high,20% off,18.59409,73.762,,Wakad
635,vijaySales,wakad,8,low,10% off,18.59409,73.762,,
636,vijaySales,wakad,8,mid,15% off,18.59409,73.762,,
637,vijaySales,wakad,8,high,20% off,18.59409,73.762,,
